0.521,0.482,0.513,0.486,0.505,0.475,0.479,0.478,0.499,0.496,0.497,0.497,0.496,0.512,0.515,0.484,0.489,0.501,0.451,0.466,0.501,0.503,0.504,0.505,0.517,0.507,0.503,0.496,0.484,0.516,0.508,0.509,0.5,0.497,0.495,0.52,0.508,0.466,0.499,0.51,0.492,0.502,0.505,0.484,0.474,0.482,0.517,0.496,0.499,0.513,0.498,0.488,0.5,0.487,0.501,0.468,0.523,0.479,0.493,0.496,0.504,0.513,0.492,0.497
0.505,0.507,0.505,0.492,0.502,0.506,0.491,0.522,0.488,0.504,0.519,0.505,0.504,0.499,0.511,0.472,0.505,0.499,0.49,0.503,0.505,0.521,0.493,0.488,0.511,0.48,0.496,0.533,0.481,0.478,0.511,0.517,0.523,0.487,0.507,0.509,0.459,0.511,0.512,0.514,0.519,0.512,0.504,0.488,0.509,0.46,0.486,0.501,0.508,0.495,0.501,0.494,0.486,0.507,0.509,0.509,0.471,0.47,0.52,0.478,0.531,0.52,0.514,0.479
0.506,0.498,0.497,0.491,0.524,0.521,0.496,0.531,0.502,0.49,0.507,0.495,0.501,0.52,0.477,0.509,0.497,0.505,0.491,0.494,0.494,0.466,0.494,0.516,0.476,0.481,0.503,0.51,0.494,0.488,0.52,0.475,0.504,0.521,0.488,0.487,0.521,0.51,0.51,0.491,0.5,0.495,0.507,0.513,0.481,0.491,0.483,0.513,0.528,0.506,0.509,0.503,0.507,0.49,0.476,0.498,0.525,0.532,0.513,0.471,0.5,0.525,0.487,0.497
0.488,0.523,0.476,0.512,0.48,0.516,0.516,0.491,0.479,0.496,0.52,0.467,0.466,0.498,0.508,0.511,0.503,0.5,0.473,0.491,0.52,0.503,0.486,0.493,0.509,0.522,0.513,0.472,0.495,0.5,0.51,0.49,0.511,0.515,0.479,0.487,0.498,0.5,0.478,0.491,0.492,0.486,0.525,0.521,0.499,0.491,0.489,0.494,0.505,0.498,0.463,0.503,0.492,0.495,0.498,0.501,0.535,0.503,0.465,0.486,0.494,0.512,0.478,0.506
0.51,0.514,0.487,0.479,0.491,0.499,0.52,0.526,0.492,0.486,0.509,0.511,0.521,0.483,0.523,0.532,0.489,0.496,0.504,0.514,0.502,0.491,0.482,0.489,0.477,0.502,0.495,0.494,0.509,0.464,0.488,0.493,0.497,0.497,0.488,0.506,0.494,0.527,0.522,0.508,0.534,0.52,0.506,0.516,0.497,0.484,0.494,0.514,0.492,0.506,0.527,0.539,0.486,0.526,0.503,0.499,0.521,0.515,0.509,0.49,0.474,0.473,0.508,0.462
0.512,0.48,0.532,0.465,0.507,0.524,0.497,0.514,0.502,0.46,0.508,0.5,0.514,0.473,0.522,0.51,0.513,0.487,0.503,0.513,0.515,0.534,0.489,0.467,0.502,0.521,0.507,0.501,0.533,0.487,0.481,0.489,0.491,0.512,0.536,0.489,0.48,0.512,0.487,0.492,0.466,0.466,0.481,0.508,0.519,0.489,0.505,0.507,0.513,0.515,0.494,0.483,0.468,0.495,0.492,0.511,0.513,0.497,0.504,0.497,0.478,0.519,0.474,0.53
0.485,0.511,0.505,0.493,0.493,0.477,0.495,0.509,0.513,0.49,0.481,0.509,0.509,0.515,0.479,0.494,0.502,0.514,0.52,0.502,0.499,0.5,0.473,0.516,0.503,0.516,0.506,0.482,0.531,0.487,0.511,0.508,0.481,0.5,0.51,0.473,0.491,0.524,0.479,0.496,0.519,0.525,0.471,0.479,0.482,0.485,0.499,0.521,0.502,0.506,0.492,0.474,0.489,0.511,0.5,0.54,0.486,0.51,0.465,0.49,0.489,0.481,0.487,0.474
0.497,0.512,0.491,0.521,0.495,0.497,0.493,0.483,0.493,0.491,0.483,0.475,0.514,0.465,0.497,0.489,0.505,0.473,0.541,0.501,0.501,0.525,0.511,0.518,0.504,0.483,0.51,0.486,0.49,0.511,0.501,0.525,0.519,0.48,0.498,0.501,0.487,0.522,0.502,0.481,0.494,0.511,0.479,0.49,0.463,0.527,0.483,0.501,0.48,0.496,0.512,0.5,0.517,0.49,0.503,0.507,0.492,0.514,0.494,0.521,0.489,0.468,0.525,0.499
0.496,0.532,0.481,0.508,0.49,0.475,0.553,0.51,0.517,0.458,0.474,0.484,0.511,0.501,0.534,0.48,0.528,0.5,0.494,0.466,0.491,0.491,0.514,0.466,0.491,0.501,0.485,0.493,0.487,0.498,0.501,0.516,0.533,0.475,0.502,0.477,0.519,0.531,0.488,0.491,0.514,0.509,0.52,0.519,0.518,0.492,0.505,0.533,0.507,0.495,0.476,0.495,0.486,0.496,0.501,0.492,0.519,0.547,0.514,0.469,0.478,0.529,0.487,0.481
0.478,0.495,0.485,0.498,0.504,0.492,0.497,0.5,0.498,0.508,0.488,0.511,0.501,0.512,0.496,0.486,0.527,0.533,0.513,0.491,0.498,0.485,0.504,0.499,0.479,0.521,0.527,0.501,0.495,0.504,0.52,0.503,0.493,0.504,0.48,0.515,0.508,0.505,0.519,0.497,0.519,0.469,0.514,0.492,0.503,0.479,0.487,0.506,0.524,0.489,0.496,0.533,0.483,0.464,0.488,0.507,0.493,0.489,0.485,0.499,0.505,0.469,0.498,0.502
0.483,0.516,0.503,0.494,0.509,0.503,0.499,0.521,0.47,0.532,0.506,0.503,0.489,0.471,0.509,0.472,0.507,0.508,0.486,0.476,0.499,0.481,0.494,0.486,0.467,0.525,0.493,0.499,0.5,0.519,0.505,0.493,0.502,0.521,0.503,0.471,0.487,0.504,0.49,0.505,0.512,0.503,0.506,0.488,0.488,0.513,0.511,0.509,0.496,0.525,0.502,0.5,0.49,0.515,0.489,0.487,0.473,0.52,0.507,0.492,0.502,0.529,0.521,0.512
0.505,0.484,0.495,0.482,0.501,0.525,0.514,0.512,0.496,0.529,0.485,0.506,0.477,0.514,0.494,0.506,0.511,0.521,0.523,0.503,0.486,0.531,0.49,0.479,0.49,0.486,0.537,0.501,0.494,0.508,0.51,0.519,0.501,0.488,0.522,0.482,0.47,0.466,0.49,0.5,0.478,0.527,0.537,0.503,0.513,0.539,0.504,0.522,0.48,0.5,0.51,0.517,0.49,0.5,0.467,0.495,0.502,0.499,0.506,0.487,0.49,0.504,0.505,0.487
0.51,0.478,0.498,0.52,0.512,0.477,0.482,0.485,0.498,0.489,0.523,0.502,0.499,0.488,0.502,0.459,0.52,0.5,0.494,0.509,0.491,0.507,0.495,0.522,0.479,0.499,0.508,0.463,0.509,0.529,0.505,0.488,0.494,0.495,0.498,0.521,0.5,0.512,0.497,0.489,0.516,0.481,0.528,0.504,0.502,0.502,0.511,0.508,0.528,0.475,0.528,0.518,0.486,0.48,0.506,0.515,0.494,0.519,0.532,0.508,0.503,0.496,0.499,0.505
0.515,0.533,0.522,0.501,0.531,0.509,0.488,0.488,0.504,0.496,0.485,0.489,0.499,0.445,0.499,0.519,0.504,0.496,0.508,0.496,0.495,0.48,0.502,0.493,0.5,0.484,0.515,0.514,0.494,0.504,0.484,0.505,0.511,0.501,0.495,0.513,0.489,0.535,0.522,0.513,0.494,0.479,0.515,0.507,0.478,0.484,0.52,0.477,0.515,0.496,0.497,0.472,0.51,0.496,0.527,0.494,0.467,0.493,0.496,0.502,0.493,0.488,0.51,0.5
0.491,0.489,0.479,0.484,0.532,0.51,0.509,0.499,0.481,0.511,0.516,0.511,0.5,0.497,0.517,0.494,0.507,0.49,0.478,0.483,0.516,0.531,0.499,0.519,0.483,0.504,0.491,0.498,0.494,0.524,0.52,0.503,0.518,0.492,0.494,0.487,0.488,0.486,0.499,0.507,0.494,0.534,0.497,0.514,0.491,0.492,0.526,0.515,0.477,0.5,0.476,0.505,0.515,0.503,0.48,0.484,0.496,0.495,0.504,0.502,0.493,0.508,0.485,0.48
0.5,0.506,0.518,0.508,0.505,0.487,0.497,0.491,0.501,0.524,0.476,0.504,0.496,0.515,0.509,0.487,0.483,0.498,0.511,0.496,0.494,0.49,0.456,0.489,0.481,0.515,0.517,0.502,0.518,0.512,0.483,0.482,0.503,0.514,0.517,0.469,0.501,0.517,0.496,0.518,0.5,0.496,0.509,0.49,0.508,0.482,0.487,0.51,0.489,0.499,0.502,0.524,0.505,0.511,0.507,0.486,0.483,0.464,0.481,0.488,0.508,0.498,0.498,0.525
0.504,0.503,0.524,0.481,0.491,0.481,0.512,0.495,0.526,0.509,0.49,0.52,0.482,0.468,0.501,0.491,0.519,0.504,0.498,0.483,0.488,0.463,0.517,0.509,0.493,0.511,0.514,0.5,0.49,0.507,0.496,0.508,0.492,0.514,0.536,0.529,0.514,0.486,0.53,0.486,0.483,0.494,0.511,0.477,0.498,0.485,0.498,0.513,0.507,0.472,0.503,0.48,0.518,0.491,0.488,0.468,0.509,0.478,0.491,0.486,0.514,0.518,0.502,0.514
0.496,0.509,0.496,0.49,0.491,0.497,0.482,0.533,0.494,0.512,0.491,0.518,0.522,0.525,0.533,0.513,0.5,0.514,0.486,0.491,0.456,0.505,0.503,0.477,0.504,0.519,0.502,0.517,0.498,0.54,0.509,0.489,0.493,0.502,0.481,0.508,0.488,0.496,0.492,0.506,0.487,0.51,0.505,0.461,0.465,0.487,0.49,0.478,0.492,0.484,0.509,0.488,0.495,0.519,0.512,0.501,0.508,0.528,0.483,0.491,0.502,0.472,0.476,0.498
0.506,0.489,0.511,0.478,0.519,0.541,0.497,0.495,0.508,0.515,0.5,0.506,0.475,0.495,0.52,0.498,0.477,0.506,0.496,0.492,0.526,0.506,0.51,0.509,0.496,0.503,0.503,0.506,0.502,0.501,0.483,0.499,0.473,0.49,0.515,0.518,0.467,0.502,0.49,0.49,0.483,0.481,0.493,0.485,0.495,0.522,0.505,0.498,0.495,0.492,0.492,0.515,0.527,0.506,0.513,0.508,0.493,0.497,0.496,0.506,0.499,0.513,0.501,0.48
0.536,0.522,0.491,0.486,0.498,0.509,0.51,0.518,0.514,0.49,0.504,0.496,0.51,0.497,0.501,0.516,0.511,0.503,0.489,0.466,0.481,0.513,0.505,0.512,0.481,0.501,0.504,0.493,0.458,0.506,0.467,0.474,0.498,0.508,0.509,0.512,0.508,0.497,0.48,0.475,0.493,0.521,0.489,0.508,0.465,0.529,0.505,0.5,0.494,0.471,0.509,0.497,0.486,0.494,0.5,0.515,0.468,0.508,0.5,0.484,0.485,0.498,0.51,0.508
0.503,0.496,0.493,0.476,0.485,0.502,0.508,0.479,0.51,0.494,0.506,0.486,0.486,0.514,0.503,0.518,0.51,0.52,0.491,0.53,0.51,0.476,0.497,0.497,0.512,0.541,0.49,0.501,0.516,0.485,0.517,0.503,0.5,0.539,0.505,0.509,0.494,0.496,0.491,0.513,0.51,0.475,0.524,0.504,0.495,0.49,0.492,0.5,0.498,0.519,0.485,0.509,0.503,0.505,0.519,0.508,0.507,0.498,0.517,0.497,0.517,0.502,0.485,0.477
0.498,0.5,0.497,0.478,0.477,0.504,0.492,0.527,0.507,0.476,0.489,0.47,0.505,0.514,0.511,0.5,0.493,0.502,0.489,0.498,0.512,0.49,0.498,0.487,0.49,0.486,0.496,0.515,0.51,0.498,0.496,0.492,0.505,0.474,0.498,0.499,0.474,0.514,0.505,0.517,0.471,0.512,0.486,0.482,0.524,0.469,0.53,0.521,0.508,0.507,0.483,0.486,0.503,0.525,0.518,0.492,0.491,0.521,0.492,0.503,0.505,0.506,0.522,0.501
0.484,0.499,0.496,0.492,0.508,0.524,0.505,0.483,0.491,0.487,0.504,0.498,0.51,0.489,0.495,0.507,0.523,0.518,0.506,0.513,0.501,0.483,0.49,0.495,0.516,0.485,0.521,0.482,0.51,0.534,0.515,0.516,0.513,0.499,0.511,0.471,0.485,0.505,0.51,0.518,0.499,0.491,0.511,0.496,0.483,0.471,0.541,0.5,0.492,0.505,0.495,0.491,0.483,0.502,0.472,0.489,0.508,0.511,0.49,0.493,0.482,0.503,0.479,0.525
0.493,0.488,0.458,0.498,0.495,0.503,0.522,0.498,0.482,0.508,0.479,0.504,0.496,0.514,0.457,0.482,0.513,0.509,0.511,0.511,0.516,0.491,0.5,0.468,0.524,0.49,0.491,0.496,0.492,0.498,0.503,0.497,0.497,0.516,0.485,0.498,0.497,0.488,0.513,0.506,0.496,0.492,0.526,0.498,0.48,0.507,0.504,0.531,0.487,0.506,0.526,0.504,0.481,0.498,0.487,0.491,0.515,0.498,0.507,0.509,0.503,0.475,0.512,0.508
0.499,0.506,0.523,0.483,0.491,0.508,0.493,0.471,0.52,0.498,0.509,0.501,0.504,0.518,0.494,0.508,0.503,0.489,0.503,0.504,0.515,0.494,0.528,0.49,0.479,0.485,0.482,0.486,0.478,0.525,0.511,0.477,0.509,0.495,0.509,0.505,0.48,0.51,0.496,0.495,0.532,0.48,0.466,0.481,0.493,0.499,0.506,0.523,0.496,0.495,0.501,0.505,0.494,0.49,0.506,0.491,0.497,0.49,0.502,0.534,0.491,0.491,0.52,0.546
0.52,0.51,0.501,0.518,0.501,0.508,0.519,0.495,0.476,0.501,0.5,0.509,0.523,0.533,0.504,0.478,0.505,0.489,0.526,0.505,0.478,0.515,0.48,0.497,0.488,0.491,0.494,0.491,0.487,0.524,0.508,0.504,0.468,0.509,0.514,0.507,0.532,0.496,0.517,0.509,0.473,0.496,0.509,0.485,0.516,0.486,0.489,0.502,0.527,0.504,0.509,0.476,0.505,0.503,0.51,0.516,0.488,0.48,0.475,0.483,0.494,0.5,0.492,0.497
0.489,0.506,0.527,0.518,0.478,0.495,0.493,0.493,0.484,0.506,0.485,0.513,0.513,0.531,0.494,0.51,0.517,0.508,0.514,0.518,0.493,0.502,0.52,0.504,0.482,0.502,0.486,0.515,0.504,0.473,0.483,0.489,0.503,0.493,0.501,0.49,0.51,0.522,0.486,0.522,0.531,0.473,0.466,0.497,0.49,0.479,0.519,0.522,0.514,0.522,0.506,0.462,0.509,0.48,0.507,0.475,0.487,0.493,0.506,0.489,0.51,0.473,0.478,0.491
0.487,0.48,0.498,0.511,0.496,0.517,0.504,0.471,0.504,0.496,0.501,0.527,0.517,0.53,0.498,0.495,0.505,0.482,0.499,0.489,0.481,0.505,0.516,0.483,0.492,0.526,0.488,0.458,0.512,0.478,0.507,0.525,0.48,0.536,0.515,0.48,0.505,0.467,0.487,0.488,0.496,0.508,0.518,0.518,0.5,0.506,0.496,0.499,0.511,0.498,0.506,0.521,0.508,0.512,0.532,0.481,0.512,0.515,0.499,0.492,0.49,0.513,0.512,0.509
0.501,0.482,0.514,0.522,0.494,0.493,0.503,0.498,0.496,0.51,0.464,0.491,0.5,0.478,0.493,0.489,0.494,0.504,0.491,0.497,0.504,0.492,0.537,0.497,0.502,0.502,0.518,0.515,0.506,0.495,0.509,0.473,0.491,0.52,0.507,0.493,0.498,0.483,0.511,0.516,0.482,0.499,0.519,0.516,0.495,0.48,0.478,0.488,0.469,0.539,0.507,0.483,0.487,0.52,0.51,0.537,0.511,0.486,0.508,0.506,0.493,0.505,0.523,0.514
0.488,0.474,0.507,0.485,0.525,0.499,0.504,0.527,0.507,0.495,0.478,0.503,0.497,0.469,0.497,0.505,0.521,0.517,0.499,0.489,0.506,0.528,0.508,0.496,0.498,0.509,0.49,0.477,0.493,0.496,0.512,0.539,0.48,0.536,0.511,0.485,0.489,0.511,0.48,0.484,0.483,0.51,0.518,0.463,0.523,0.497,0.515,0.505,0.5,0.504,0.483,0.483,0.508,0.511,0.49,0.495,0.49,0.511,0.508,0.481,0.495,0.531,0.495,0.492
0.522,0.507,0.514,0.507,0.513,0.491,0.501,0.491,0.47,0.49,0.488,0.495,0.523,0.515,0.517,0.493,0.506,0.469,0.5,0.46,0.499,0.522,0.493,0.477,0.523,0.495,0.514,0.482,0.491,0.491,0.517,0.513,0.49,0.507,0.498,0.491,0.489,0.498,0.497,0.521,0.49,0.531,0.517,0.498,0.51,0.506,0.474,0.503,0.494,0.515,0.472,0.501,0.525,0.518,0.502,0.512,0.526,0.507,0.506,0.506,0.517,0.514,0.492,0.491
0.506,0.511,0.512,0.522,0.473,0.486,0.491,0.505,0.504,0.525,0.5,0.508,0.516,0.519,0.5,0.488,0.49,0.516,0.49,0.505,0.5,0.494,0.48,0.502,0.502,0.482,0.515,0.482,0.488,0.487,0.515,0.477,0.492,0.491,0.512,0.479,0.505,0.506,0.522,0.489,0.473,0.488,0.515,0.471,0.518,0.487,0.472,0.494,0.473,0.501,0.506,0.503,0.495,0.494,0.525,0.507,0.479,0.491,0.501,0.485,0.529,0.518,0.511,0.472
0.529,0.514,0.487,0.517,0.502,0.502,0.516,0.491,0.512,0.501,0.505,0.509,0.516,0.479,0.52,0.506,0.501,0.482,0.477,0.492,0.499,0.514,0.49,0.497,0.501,0.506,0.506,0.506,0.496,0.499,0.496,0.542,0.481,0.503,0.474,0.539,0.485,0.468,0.512,0.549,0.517,0.497,0.502,0.495,0.509,0.502,0.508,0.502,0.519,0.514,0.501,0.508,0.515,0.495,0.508,0.482,0.48,0.517,0.463,0.486,0.522,0.504,0.484,0.539
0.496,0.534,0.499,0.518,0.508,0.515,0.527,0.487,0.518,0.497,0.505,0.475,0.496,0.5,0.527,0.496,0.521,0.495,0.518,0.477,0.502,0.499,0.512,0.468,0.503,0.503,0.517,0.498,0.512,0.491,0.489,0.486,0.497,0.51,0.51,0.5,0.5,0.475,0.505,0.51,0.501,0.514,0.489,0.501,0.501,0.517,0.533,0.508,0.512,0.516,0.545,0.475,0.511,0.537,0.501,0.505,0.493,0.493,0.485,0.515,0.477,0.544,0.527,0.49
0.53,0.498,0.489,0.5,0.52,0.491,0.505,0.497,0.528,0.488,0.493,0.495,0.479,0.518,0.465,0.505,0.496,0.473,0.51,0.469,0.474,0.5,0.493,0.502,0.487,0.514,0.488,0.49,0.498,0.517,0.494,0.49,0.457,0.491,0.505,0.502,0.502,0.475,0.507,0.482,0.498,0.458,0.513,0.483,0.475,0.505,0.519,0.482,0.484,0.51,0.497,0.499,0.529,0.513,0.479,0.488,0.474,0.455,0.519,0.503,0.48,0.503,0.511,0.507
0.519,0.496,0.497,0.493,0.505,0.483,0.486,0.466,0.504,0.516,0.516,0.484,0.467,0.506,0.498,0.508,0.53,0.473,0.511,0.504,0.485,0.498,0.508,0.519,0.492,0.49,0.47,0.514,0.483,0.514,0.492,0.486,0.511,0.506,0.485,0.52,0.512,0.488,0.49,0.497,0.502,0.483,0.501,0.471,0.504,0.501,0.484,0.521,0.481,0.495,0.498,0.493,0.492,0.476,0.493,0.499,0.495,0.526,0.508,0.506,0.507,0.474,0.495,0.5
0.488,0.499,0.493,0.493,0.486,0.519,0.494,0.503,0.505,0.49,0.495,0.537,0.497,0.458,0.507,0.469,0.504,0.5,0.486,0.505,0.502,0.489,0.507,0.502,0.504,0.513,0.494,0.537,0.52,0.48,0.471,0.508,0.499,0.525,0.493,0.508,0.504,0.517,0.516,0.511,0.508,0.481,0.49,0.491,0.491,0.492,0.5,0.5,0.503,0.511,0.488,0.492,0.494,0.521,0.468,0.502,0.502,0.509,0.506,0.525,0.511,0.476,0.535,0.5
0.473,0.505,0.502,0.476,0.513,0.509,0.496,0.475,0.466,0.508,0.491,0.521,0.498,0.506,0.511,0.47,0.502,0.482,0.496,0.507,0.501,0.487,0.487,0.515,0.5,0.502,0.521,0.486,0.52,0.489,0.523,0.513,0.535,0.523,0.498,0.506,0.499,0.501,0.505,0.511,0.512,0.478,0.515,0.497,0.495,0.519,0.454,0.506,0.486,0.48,0.515,0.497,0.484,0.499,0.486,0.496,0.48,0.476,0.507,0.512,0.478,0.521,0.507,0.51
0.479,0.513,0.494,0.506,0.477,0.489,0.493,0.471,0.468,0.51,0.496,0.474,0.524,0.512,0.496,0.503,0.479,0.52,0.496,0.489,0.51,0.489,0.52,0.482,0.488,0.524,0.501,0.498,0.515,0.494,0.495,0.496,0.488,0.509,0.528,0.496,0.531,0.498,0.483,0.513,0.505,0.519,0.489,0.53,0.457,0.505,0.499,0.497,0.482,0.479,0.507,0.486,0.506,0.523,0.51,0.481,0.503,0.495,0.521,0.47,0.473,0.49,0.535,0.489
0.479,0.484,0.489,0.515,0.501,0.481,0.499,0.476,0.531,0.502,0.467,0.481,0.504,0.482,0.479,0.528,0.504,0.5,0.465,0.49,0.537,0.487,0.502,0.491,0.498,0.513,0.509,0.52,0.525,0.518,0.49,0.506,0.498,0.511,0.508,0.509,0.502,0.512,0.519,0.514,0.53,0.497,0.508,0.51,0.509,0.51,0.537,0.507,0.51,0.509,0.53,0.491,0.497,0.476,0.505,0.536,0.524,0.503,0.484,0.518,0.513,0.505,0.505,0.523
0.494,0.473,0.49,0.518,0.492,0.503,0.469,0.479,0.528,0.495,0.487,0.509,0.516,0.485,0.466,0.511,0.475,0.502,0.474,0.482,0.501,0.522,0.493,0.497,0.475,0.488,0.521,0.515,0.494,0.536,0.512,0.494,0.524,0.481,0.503,0.514,0.495,0.501,0.481,0.475,0.523,0.497,0.494,0.539,0.473,0.527,0.488,0.476,0.502,0.493,0.525,0.505,0.497,0.514,0.482,0.5,0.499,0.499,0.508,0.497,0.478,0.471,0.503,0.54
0.482,0.487,0.48,0.501,0.519,0.473,0.51,0.484,0.493,0.503,0.511,0.507,0.517,0.512,0.503,0.498,0.513,0.495,0.504,0.495,0.481,0.534,0.491,0.536,0.514,0.5,0.505,0.475,0.509,0.502,0.528,0.497,0.485,0.494,0.523,0.512,0.519,0.514,0.492,0.497,0.497,0.518,0.531,0.483,0.517,0.498,0.501,0.505,0.509,0.499,0.521,0.49,0.51,0.475,0.475,0.488,0.497,0.503,0.504,0.52,0.52,0.505,0.503,0.494
0.474,0.536,0.502,0.527,0.502,0.493,0.517,0.51,0.496,0.504,0.491,0.495,0.512,0.509,0.523,0.505,0.5,0.482,0.507,0.515,0.465,0.509,0.522,0.493,0.505,0.497,0.488,0.506,0.48,0.477,0.496,0.482,0.507,0.502,0.529,0.503,0.501,0.494,0.501,0.501,0.495,0.519,0.503,0.489,0.493,0.535,0.462,0.481,0.486,0.488,0.514,0.461,0.5,0.513,0.506,0.503,0.496,0.494,0.528,0.507,0.532,0.521,0.493,0.476
0.512,0.523,0.515,0.499,0.501,0.499,0.512,0.505,0.498,0.503,0.469,0.492,0.491,0.491,0.491,0.511,0.489,0.493,0.498,0.487,0.491,0.511,0.471,0.481,0.528,0.488,0.475,0.523,0.508,0.487,0.508,0.478,0.536,0.527,0.499,0.488,0.503,0.489,0.5,0.487,0.512,0.495,0.521,0.499,0.527,0.486,0.497,0.501,0.498,0.517,0.525,0.505,0.482,0.455,0.517,0.513,0.524,0.51,0.487,0.521,0.515,0.467,0.527,0.503
0.488,0.5,0.491,0.483,0.514,0.501,0.502,0.485,0.499,0.503,0.497,0.484,0.504,0.502,0.528,0.494,0.494,0.484,0.498,0.496,0.502,0.498,0.528,0.516,0.493,0.468,0.496,0.51,0.498,0.474,0.471,0.493,0.497,0.494,0.488,0.498,0.485,0.489,0.49,0.506,0.503,0.503,0.509,0.491,0.499,0.497,0.503,0.503,0.505,0.522,0.507,0.508,0.489,0.489,0.507,0.501,0.478,0.492,0.474,0.493,0.482,0.512,0.482,0.48
0.486,0.495,0.506,0.499,0.501,0.536,0.507,0.511,0.492,0.493,0.471,0.507,0.489,0.482,0.509,0.497,0.516,0.525,0.489,0.512,0.493,0.461,0.502,0.512,0.514,0.51,0.499,0.511,0.493,0.483,0.487,0.518,0.5,0.496,0.525,0.509,0.489,0.5,0.474,0.5,0.497,0.503,0.508,0.5,0.508,0.491,0.491,0.503,0.486,0.517,0.514,0.543,0.483,0.487,0.483,0.493,0.515,0.494,0.537,0.483,0.499,0.488,0.501,0.492
0.49,0.491,0.527,0.52,0.501,0.523,0.502,0.508,0.507,0.471,0.48,0.514,0.523,0.482,0.464,0.5,0.5,0.491,0.49,0.491,0.494,0.493,0.486,0.522,0.499,0.5,0.52,0.486,0.514,0.504,0.51,0.492,0.493,0.525,0.501,0.527,0.523,0.518,0.491,0.492,0.516,0.478,0.505,0.503,0.519,0.501,0.507,0.518,0.507,0.494,0.479,0.499,0.508,0.483,0.497,0.501,0.482,0.508,0.486,0.495,0.493,0.492,0.511,0.508
0.51,0.511,0.504,0.491,0.499,0.492,0.504,0.492,0.52,0.506,0.492,0.506,0.483,0.538,0.512,0.516,0.522,0.524,0.515,0.498,0.533,0.48,0.535,0.469,0.523,0.494,0.528,0.515,0.502,0.518,0.514,0.516,0.507,0.458,0.495,0.526,0.482,0.478,0.517,0.489,0.478,0.523,0.481,0.495,0.489,0.494,0.477,0.494,0.492,0.48,0.516,0.507,0.512,0.517,0.493,0.507,0.509,0.509,0.518,0.466,0.466,0.541,0.499,0.503
0.501,0.488,0.514,0.486,0.514,0.519,0.486,0.499,0.495,0.509,0.498,0.519,0.502,0.489,0.501,0.482,0.478,0.5,0.495,0.534,0.488,0.5,0.528,0.5,0.516,0.498,0.498,0.507,0.513,0.475,0.5,0.498,0.526,0.511,0.478,0.497,0.519,0.477,0.471,0.496,0.52,0.467,0.492,0.504,0.517,0.517,0.503,0.526,0.492,0.519,0.534,0.507,0.486,0.475,0.517,0.488,0.492,0.488,0.484,0.527,0.503,0.506,0.499,0.517
0.482,0.5,0.48,0.489,0.508,0.49,0.53,0.495,0.506,0.493,0.481,0.504,0.515,0.516,0.495,0.512,0.473,0.519,0.505,0.487,0.503,0.486,0.501,0.477,0.482,0.503,0.521,0.485,0.527,0.515,0.501,0.487,0.482,0.486,0.48,0.482,0.483,0.501,0.488,0.523,0.489,0.495,0.503,0.512,0.49,0.496,0.504,0.504,0.496,0.503,0.476,0.49,0.526,0.503,0.479,0.515,0.489,0.496,0.501,0.514,0.49,0.486,0.495,0.509
0.498,0.491,0.478,0.523,0.484,0.511,0.507,0.539,0.516,0.515,0.504,0.505,0.482,0.509,0.471,0.492,0.495,0.503,0.466,0.519,0.486,0.478,0.475,0.512,0.504,0.49,0.512,0.505,0.485,0.484,0.496,0.494,0.529,0.495,0.509,0.506,0.498,0.524,0.508,0.478,0.491,0.488,0.519,0.504,0.503,0.478,0.498,0.484,0.492,0.495,0.503,0.519,0.485,0.502,0.527,0.484,0.501,0.497,0.501,0.479,0.473,0.48,0.492,0.503
0.499,0.506,0.504,0.508,0.519,0.503,0.518,0.506,0.485,0.497,0.492,0.505,0.508,0.512,0.521,0.52,0.477,0.488,0.521,0.488,0.491,0.482,0.495,0.511,0.472,0.472,0.5,0.509,0.515,0.52,0.513,0.499,0.508,0.515,0.509,0.516,0.496,0.518,0.511,0.509,0.487,0.502,0.512,0.485,0.527,0.482,0.486,0.493,0.504,0.506,0.506,0.478,0.497,0.497,0.496,0.516,0.481,0.498,0.505,0.513,0.492,0.504,0.511,0.478
0.484,0.507,0.527,0.482,0.507,0.534,0.487,0.535,0.509,0.527,0.495,0.492,0.504,0.502,0.489,0.515,0.491,0.486,0.5,0.463,0.481,0.491,0.515,0.517,0.51,0.505,0.52,0.483,0.53,0.493,0.464,0.493,0.493,0.521,0.521,0.513,0.502,0.516,0.512,0.478,0.495,0.481,0.49,0.523,0.505,0.488,0.51,0.499,0.495,0.489,0.501,0.515,0.497,0.494,0.483,0.506,0.519,0.492,0.537,0.492,0.477,0.492,0.498,0.533
0.497,0.48,0.535,0.474,0.552,0.474,0.491,0.479,0.497,0.513,0.494,0.476,0.514,0.51,0.473,0.483,0.503,0.492,0.513,0.508,0.497,0.497,0.495,0.52,0.501,0.513,0.502,0.499,0.503,0.492,0.486,0.49,0.492,0.488,0.501,0.498,0.513,0.484,0.488,0.518,0.511,0.487,0.51,0.48,0.529,0.501,0.473,0.493,0.477,0.522,0.504,0.525,0.525,0.523,0.496,0.473,0.502,0.507,0.536,0.49,0.502,0.493,0.506,0.479
0.458,0.504,0.523,0.499,0.477,0.477,0.501,0.5,0.522,0.54,0.479,0.521,0.497,0.502,0.493,0.513,0.483,0.508,0.485,0.53,0.489,0.508,0.514,0.515,0.493,0.529,0.489,0.497,0.521,0.516,0.524,0.477,0.499,0.485,0.508,0.497,0.5,0.507,0.487,0.521,0.515,0.485,0.488,0.52,0.498,0.491,0.5,0.491,0.496,0.534,0.5,0.49,0.517,0.505,0.49,0.483,0.488,0.501,0.512,0.507,0.503,0.5,0.505,0.49
0.486,0.487,0.503,0.516,0.516,0.487,0.505,0.491,0.525,0.489,0.494,0.49,0.547,0.484,0.497,0.506,0.524,0.526,0.489,0.492,0.48,0.503,0.481,0.513,0.488,0.482,0.49,0.517,0.489,0.483,0.487,0.487,0.515,0.507,0.479,0.516,0.498,0.497,0.501,0.483,0.471,0.488,0.507,0.489,0.501,0.493,0.524,0.495,0.489,0.494,0.508,0.498,0.529,0.501,0.504,0.489,0.525,0.482,0.502,0.491,0.494,0.507,0.455,0.503
0.47,0.516,0.492,0.524,0.492,0.503,0.502,0.502,0.521,0.497,0.497,0.512,0.503,0.474,0.528,0.502,0.522,0.486,0.511,0.483,0.501,0.488,0.488,0.504,0.496,0.461,0.5,0.512,0.483,0.5,0.496,0.504,0.5,0.483,0.468,0.497,0.498,0.488,0.502,0.519,0.501,0.5,0.488,0.508,0.486,0.478,0.495,0.478,0.513,0.502,0.516,0.486,0.503,0.496,0.511,0.521,0.517,0.52,0.535,0.506,0.504,0.471,0.473,0.502
0.486,0.509,0.51,0.502,0.51,0.495,0.487,0.507,0.499,0.51,0.49,0.496,0.503,0.496,0.485,0.524,0.494,0.495,0.477,0.505,0.516,0.52,0.5,0.506,0.478,0.501,0.495,0.487,0.512,0.515,0.492,0.505,0.496,0.492,0.488,0.475,0.5,0.52,0.521,0.492,0.519,0.535,0.472,0.507,0.482,0.504,0.525,0.519,0.489,0.498,0.474,0.495,0.526,0.502,0.523,0.533,0.485,0.46,0.497,0.498,0.489,0.49,0.495,0.507
0.492,0.493,0.49,0.514,0.496,0.508,0.479,0.517,0.501,0.498,0.526,0.497,0.483,0.501,0.504,0.504,0.487,0.528,0.506,0.495,0.51,0.497,0.499,0.512,0.514,0.518,0.476,0.496,0.514,0.472,0.479,0.488,0.504,0.459,0.495,0.491,0.496,0.491,0.497,0.482,0.511,0.51,0.498,0.477,0.482,0.494,0.496,0.519,0.513,0.51,0.475,0.506,0.482,0.499,0.508,0.499,0.515,0.501,0.509,0.496,0.487,0.512,0.514,0.485
0.493,0.522,0.502,0.511,0.473,0.507,0.513,0.497,0.488,0.501,0.507,0.486,0.491,0.506,0.497,0.488,0.53,0.48,0.479,0.492,0.509,0.498,0.505,0.514,0.467,0.52,0.496,0.51,0.519,0.509,0.507,0.489,0.476,0.504,0.525,0.49,0.495,0.526,0.512,0.5,0.501,0.513,0.478,0.512,0.494,0.472,0.501,0.523,0.484,0.502,0.526,0.496,0.505,0.507,0.475,0.502,0.489,0.502,0.503,0.503,0.486,0.499,0.492,0.463
0.505,0.462,0.506,0.524,0.501,0.517,0.536,0.511,0.496,0.489,0.489,0.495,0.497,0.476,0.49,0.51,0.513,0.484,0.494,0.466,0.499,0.525,0.478,0.517,0.509,0.515,0.509,0.489,0.509,0.492,0.494,0.506,0.51,0.526,0.484,0.501,0.509,0.482,0.528,0.505,0.517,0.504,0.487,0.505,0.515,0.495,0.516,0.49,0.518,0.521,0.501,0.498,0.489,0.498,0.482,0.493,0.517,0.495,0.486,0.461,0.517,0.494,0.498,0.507
0.492,0.5,0.484,0.511,0.525,0.514,0.503,0.493,0.504,0.495,0.486,0.516,0.485,0.494,0.483,0.507,0.514,0.482,0.512,0.496,0.484,0.495,0.486,0.49,0.498,0.508,0.495,0.512,0.47,0.499,0.474,0.497,0.506,0.497,0.504,0.505,0.495,0.502,0.488,0.514,0.517,0.483,0.505,0.509,0.502,0.49,0.498,0.484,0.501,0.515,0.497,0.488,0.484,0.498,0.508,0.475,0.499,0.5,0.483,0.543,0.502,0.505,0.514,0.506
0.52,0.498,0.507,0.515,0.54,0.485,0.518,0.499,0.497,0.477,0.517,0.481,0.515,0.52,0.484,0.52,0.477,0.518,0.488,0.474,0.502,0.512,0.507,0.497,0.474,0.501,0.491,0.478,0.526,0.501,0.505,0.531,0.515,0.517,0.496,0.508,0.488,0.495,0.509,0.488,0.489,0.503,0.496,0.478,0.502,0.552,0.503,0.521,0.496,0.48,0.485,0.525,0.48,0.514,0.52,0.493,0.479,0.508,0.495,0.477,0.501,0.488,0.519,0.493
0.511,0.501,0.527,0.485,0.501,0.478,0.518,0.512,0.516,0.485,0.513,0.485,0.487,0.496,0.522,0.486,0.491,0.491,0.504,0.491,0.485,0.519,0.501,0.515,0.514,0.506,0.479,0.5,0.517,0.507,0.498,0.494,0.521,0.499,0.505,0.526,0.474,0.492,0.48,0.502,0.517,0.492,0.513,0.491,0.519,0.496,0.483,0.523,0.526,0.5,0.508,0.512,0.489,0.501,0.484,0.511,0.497,0.511,0.474,0.485,0.479,0.495,0.487,0.492
0.477,0.512,0.52,0.497,0.496,0.507,0.484,0.501,0.5,0.496,0.475,0.498,0.507,0.512,0.509,0.504,0.501,0.509,0.492,0.503,0.513,0.512,0.519,0.483,0.485,0.523,0.499,0.489,0.501,0.51,0.507,0.504,0.505,0.513,0.514,0.503,0.489,0.483,0.505,0.509,0.509,0.485,0.509,0.52,0.506,0.537,0.486,0.488,0.492,0.471,0.51,0.527,0.511,0.518,0.516,0.504,0.507,0.496,0.464,0.504,0.51,0.52,0.481,0.503
0.52,0.495,0.503,0.5,0.497,0.524,0.521,0.521,0.487,0.507,0.51,0.493,0.514,0.483,0.506,0.489,0.503,0.464,0.496,0.508,0.497,0.5,0.507,0.458,0.497,0.484,0.512,0.482,0.502,0.517,0.486,0.51,0.522,0.489,0.499,0.511,0.504,0.521,0.513,0.497,0.499,0.495,0.505,0.493,0.506,0.526,0.51,0.507,0.515,0.519,0.477,0.491,0.494,0.5,0.487,0.491,0.478,0.489,0.523,0.488,0.504,0.477,0.506,0.481
0.499,0.507,0.476,0.511,0.498,0.507,0.488,0.51,0.507,0.485,0.494,0.526,0.491,0.533,0.49,0.524,0.488,0.513,0.48,0.493,0.503,0.514,0.475,0.508,0.494,0.476,0.49,0.512,0.485,0.484,0.507,0.512,0.515,0.503,0.528,0.5,0.495,0.486,0.486,0.495,0.498,0.474,0.501,0.495,0.513,0.496,0.513,0.512,0.523,0.483,0.483,0.508,0.511,0.484,0.482,0.501,0.51,0.537,0.487,0.491,0.484,0.515,0.493,0.506
0.508,0.505,0.476,0.483,0.502,0.49,0.481,0.467,0.513,0.515,0.505,0.494,0.49,0.467,0.5,0.51,0.477,0.471,0.472,0.515,0.494,0.519,0.511,0.508,0.481,0.527,0.512,0.521,0.508,0.489,0.488,0.515,0.493,0.506,0.521,0.51,0.473,0.49,0.532,0.505,0.499,0.494,0.492,0.509,0.5,0.519,0.49,0.49,0.519,0.5,0.501,0.487,0.492,0.485,0.516,0.505,0.474,0.535,0.499,0.508,0.509,0.487,0.508,0.486
0.49,0.509,0.506,0.5,0.523,0.49,0.524,0.502,0.516,0.495,0.495,0.511,0.496,0.501,0.5,0.498,0.522,0.498,0.486,0.482,0.531,0.492,0.51,0.516,0.495,0.501,0.526,0.511,0.466,0.473,0.496,0.497,0.502,0.525,0.482,0.492,0.499,0.501,0.499,0.489,0.482,0.496,0.516,0.48,0.509,0.49,0.508,0.496,0.504,0.514,0.5,0.5,0.51,0.518,0.497,0.534,0.493,0.493,0.501,0.49,0.54,0.518,0.496,0.473
0.479,0.465,0.492,0.509,0.478,0.511,0.537,0.475,0.494,0.508,0.494,0.513,0.473,0.509,0.513,0.521,0.499,0.497,0.521,0.492,0.488,0.512,0.49,0.524,0.468,0.494,0.507,0.51,0.485,0.467,0.513,0.495,0.495,0.486,0.497,0.476,0.478,0.479,0.519,0.479,0.52,0.469,0.478,0.474,0.502,0.491,0.503,0.48,0.519,0.522,0.501,0.501,0.484,0.516,0.499,0.521,0.508,0.492,0.465,0.502,0.519,0.506,0.521,0.508
0.501,0.489,0.496,0.468,0.488,0.525,0.498,0.46,0.459,0.499,0.52,0.515,0.503,0.487,0.492,0.514,0.475,0.487,0.494,0.489,0.482,0.5,0.476,0.516,0.488,0.485,0.5,0.496,0.504,0.473,0.492,0.479,0.524,0.496,0.501,0.509,0.475,0.505,0.498,0.518,0.513,0.478,0.502,0.498,0.496,0.512,0.507,0.484,0.529,0.503,0.459,0.479,0.483,0.503,0.517,0.479,0.507,0.512,0.522,0.515,0.497,0.499,0.489,0.508
0.509,0.505,0.486,0.503,0.478,0.539,0.503,0.488,0.496,0.51,0.475,0.51,0.526,0.503,0.479,0.494,0.497,0.512,0.501,0.487,0.499,0.494,0.52,0.518,0.525,0.495,0.517,0.521,0.495,0.522,0.502,0.496,0.516,0.506,0.517,0.504,0.484,0.508,0.468,0.498,0.503,0.495,0.473,0.513,0.489,0.515,0.49,0.514,0.497,0.495,0.49,0.495,0.507,0.494,0.473,0.51,0.51,0.489,0.498,0.496,0.494,0.529,0.487,0.512
0.512,0.495,0.487,0.501,0.461,0.533,0.491,0.498,0.487,0.485,0.503,0.484,0.502,0.495,0.479,0.518,0.472,0.476,0.517,0.495,0.51,0.498,0.516,0.495,0.491,0.487,0.526,0.523,0.495,0.497,0.497,0.479,0.521,0.5,0.483,0.495,0.497,0.504,0.489,0.466,0.518,0.506,0.517,0.516,0.489,0.52,0.494,0.493,0.48,0.508,0.467,0.511,0.517,0.501,0.501,0.536,0.522,0.491,0.497,0.483,0.516,0.476,0.519,0.502
0.445,0.495,0.491,0.507,0.47,0.472,0.467,0.493,0.476,0.501,0.5,0.513,0.519,0.467,0.506,0.526,0.511,0.507,0.492,0.471,0.496,0.49,0.493,0.504,0.513,0.506,0.463,0.513,0.49,0.491,0.513,0.477,0.501,0.525,0.494,0.5,0.494,0.515,0.493,0.523,0.531,0.477,0.49,0.507,0.493,0.514,0.518,0.504,0.496,0.489,0.495,0.494,0.479,0.488,0.509,0.495,0.487,0.496,0.494,0.457,0.494,0.492,0.503,0.486
0.524,0.509,0.501,0.498,0.488,0.48,0.485,0.5,0.486,0.539,0.5,0.463,0.484,0.473,0.527,0.524,0.5,0.498,0.501,0.495,0.503,0.492,0.498,0.495,0.514,0.48,0.487,0.499,0.496,0.504,0.507,0.514,0.488,0.511,0.52,0.523,0.468,0.485,0.5,0.495,0.479,0.508,0.483,0.49,0.501,0.522,0.541,0.476,0.474,0.524,0.464,0.51,0.508,0.478,0.518,0.519,0.499,0.479,0.496,0.514,0.511,0.496,0.519,0.5
0.482,0.51,0.516,0.503,0.533,0.496,0.514,0.464,0.505,0.5,0.494,0.519,0.499,0.513,0.482,0.51,0.491,0.478,0.485,0.475,0.496,0.514,0.534,0.514,0.463,0.493,0.515,0.467,0.5,0.546,0.501,0.503,0.5,0.517,0.515,0.496,0.493,0.509,0.489,0.49,0.511,0.489,0.528,0.504,0.502,0.509,0.543,0.47,0.501,0.506,0.488,0.494,0.491,0.498,0.484,0.518,0.507,0.503,0.532,0.504,0.484,0.491,0.494,0.5
0.498,0.518,0.521,0.49,0.498,0.499,0.49,0.503,0.493,0.509,0.541,0.505,0.504,0.505,0.495,0.512,0.512,0.502,0.497,0.496,0.522,0.481,0.509,0.48,0.476,0.48,0.52,0.511,0.518,0.487,0.491,0.51,0.505,0.501,0.488,0.518,0.509,0.508,0.511,0.542,0.522,0.49,0.499,0.487,0.498,0.523,0.5,0.504,0.478,0.534,0.497,0.485,0.51,0.496,0.507,0.517,0.482,0.464,0.505,0.495,0.497,0.452,0.473,0.52
0.473,0.497,0.503,0.482,0.482,0.52,0.504,0.518,0.523,0.499,0.507,0.498,0.491,0.477,0.504,0.481,0.507,0.512,0.489,0.523,0.532,0.483,0.477,0.49,0.497,0.514,0.517,0.516,0.465,0.502,0.464,0.514,0.515,0.534,0.54,0.496,0.498,0.522,0.487,0.482,0.514,0.473,0.537,0.507,0.504,0.513,0.513,0.531,0.504,0.519,0.492,0.522,0.479,0.534,0.481,0.534,0.477,0.515,0.527,0.513,0.497,0.471,0.5,0.509
0.498,0.513,0.496,0.484,0.499,0.5,0.512,0.518,0.501,0.513,0.502,0.492,0.498,0.503,0.51,0.482,0.513,0.502,0.504,0.483,0.49,0.518,0.486,0.491,0.491,0.506,0.479,0.486,0.478,0.503,0.513,0.505,0.511,0.494,0.491,0.523,0.497,0.496,0.48,0.521,0.509,0.483,0.486,0.522,0.484,0.473,0.493,0.518,0.498,0.489,0.509,0.494,0.478,0.486,0.491,0.477,0.495,0.485,0.515,0.498,0.505,0.505,0.498,0.51
0.468,0.502,0.48,0.502,0.464,0.493,0.484,0.496,0.493,0.48,0.509,0.497,0.494,0.487,0.47,0.496,0.482,0.497,0.519,0.476,0.479,0.52,0.506,0.513,0.51,0.488,0.506,0.483,0.509,0.528,0.508,0.484,0.502,0.489,0.477,0.497,0.507,0.491,0.468,0.501,0.492,0.525,0.502,0.507,0.517,0.48,0.484,0.497,0.49,0.513,0.513,0.506,0.518,0.48,0.524,0.516,0.467,0.461,0.511,0.499,0.503,0.49,0.501,0.48
0.515,0.482,0.459,0.506,0.51,0.503,0.493,0.482,0.497,0.521,0.511,0.502,0.517,0.505,0.516,0.498,0.489,0.503,0.493,0.517,0.497,0.514,0.516,0.508,0.518,0.499,0.509,0.486,0.501,0.485,0.51,0.525,0.513,0.494,0.503,0.469,0.508,0.495,0.499,0.485,0.479,0.495,0.489,0.522,0.515,0.513,0.522,0.492,0.5,0.506,0.525,0.506,0.505,0.493,0.509,0.521,0.52,0.52,0.511,0.497,0.5,0.47,0.492,0.528
0.531,0.487,0.515,0.512,0.49,0.485,0.515,0.486,0.516,0.491,0.482,0.485,0.491,0.501,0.491,0.487,0.511,0.535,0.503,0.508,0.514,0.496,0.532,0.491,0.489,0.505,0.484,0.494,0.51,0.531,0.518,0.49,0.482,0.507,0.496,0.512,0.493,0.533,0.513,0.51,0.462,0.482,0.525,0.518,0.479,0.468,0.507,0.515,0.492,0.5,0.47,0.505,0.478,0.508,0.503,0.497,0.495,0.508,0.535,0.486,0.496,0.501,0.519,0.508
0.515,0.519,0.499,0.519,0.507,0.496,0.502,0.487,0.486,0.488,0.499,0.498,0.509,0.478,0.478,0.51,0.511,0.512,0.532,0.496,0.495,0.498,0.457,0.494,0.512,0.499,0.51,0.479,0.491,0.503,0.519,0.479,0.509,0.506,0.501,0.497,0.498,0.486,0.486,0.512,0.524,0.488,0.518,0.485,0.479,0.496,0.495,0.49,0.49,0.508,0.503,0.498,0.52,0.464,0.515,0.49,0.476,0.513,0.528,0.497,0.47,0.517,0.503,0.508
0.497,0.512,0.497,0.515,0.522,0.49,0.5,0.495,0.486,0.508,0.488,0.495,0.469,0.514,0.509,0.543,0.499,0.514,0.494,0.463,0.505,0.485,0.488,0.508,0.506,0.514,0.509,0.519,0.486,0.501,0.484,0.5,0.491,0.486,0.486,0.481,0.517,0.485,0.497,0.513,0.496,0.495,0.499,0.485,0.476,0.497,0.51,0.467,0.5,0.502,0.507,0.477,0.517,0.5,0.49,0.487,0.505,0.5,0.494,0.509,0.485,0.503,0.514,0.508
0.484,0.524,0.488,0.516,0.497,0.528,0.513,0.505,0.483,0.479,0.496,0.503,0.52,0.505,0.506,0.5,0.457,0.469,0.512,0.519,0.456,0.502,0.506,0.516,0.514,0.524,0.518,0.516,0.52,0.495,0.497,0.492,0.508,0.5,0.538,0.491,0.557,0.499,0.514,0.469,0.508,0.522,0.545,0.504,0.487,0.506,0.518,0.505,0.49,0.47,0.493,0.51,0.482,0.521,0.483,0.467,0.504,0.491,0.496,0.51,0.494,0.489,0.518,0.522
0.492,0.481,0.522,0.494,0.533,0.525,0.53,0.485,0.485,0.496,0.504,0.51,0.498,0.509,0.508,0.487,0.497,0.493,0.502,0.505,0.494,0.499,0.495,0.467,0.464,0.477,0.507,0.507,0.487,0.513,0.514,0.516,0.489,0.498,0.501,0.513,0.485,0.49,0.515,0.541,0.495,0.522,0.476,0.485,0.507,0.51,0.521,0.498,0.492,0.513,0.491,0.499,0.521,0.518,0.47,0.505,0.508,0.497,0.506,0.501,0.526,0.491,0.505,0.506
0.531,0.5,0.484,0.47,0.502,0.484,0.524,0.528,0.494,0.517,0.512,0.482,0.494,0.495,0.498,0.517,0.488,0.494,0.461,0.475,0.505,0.522,0.486,0.495,0.486,0.508,0.531,0.497,0.495,0.497,0.497,0.471,0.485,0.504,0.513,0.472,0.487,0.495,0.497,0.494,0.5,0.494,0.498,0.518,0.495,0.492,0.499,0.501,0.483,0.506,0.478,0.497,0.488,0.511,0.516,0.487,0.519,0.512,0.493,0.478,0.51,0.482,0.48,0.501
0.465,0.533,0.49,0.482,0.503,0.497,0.503,0.488,0.495,0.501,0.511,0.5,0.486,0.485,0.472,0.506,0.516,0.492,0.5,0.494,0.477,0.505,0.494,0.492,0.491,0.516,0.511,0.509,0.518,0.515,0.486,0.501,0.476,0.511,0.515,0.5,0.494,0.492,0.495,0.488,0.489,0.487,0.53,0.523,0.499,0.5,0.491,0.507,0.54,0.508,0.481,0.488,0.484,0.491,0.528,0.491,0.517,0.45,0.481,0.516,0.518,0.515,0.494,0.529
0.515,0.51,0.478,0.519,0.502,0.482,0.532,0.498,0.511,0.484,0.527,0.517,0.486,0.483,0.47,0.496,0.475,0.502,0.486,0.519,0.522,0.473,0.504,0.521,0.508,0.53,0.474,0.486,0.503,0.504,0.468,0.498,0.505,0.508,0.489,0.492,0.505,0.498,0.492,0.5,0.477,0.505,0.531,0.494,0.502,0.511,0.529,0.516,0.487,0.504,0.52,0.492,0.516,0.5,0.5,0.506,0.532,0.508,0.525,0.51,0.49,0.487,0.489,0.502
0.514,0.488,0.507,0.515,0.506,0.482,0.479,0.533,0.502,0.505,0.515,0.5,0.515,0.495,0.505,0.503,0.463,0.501,0.477,0.506,0.51,0.504,0.497,0.477,0.479,0.454,0.496,0.503,0.477,0.477,0.49,0.512,0.485,0.5,0.506,0.512,0.527,0.505,0.5,0.518,0.504,0.505,0.497,0.499,0.478,0.481,0.514,0.492,0.465,0.495,0.516,0.498,0.542,0.507,0.486,0.501,0.491,0.514,0.503,0.501,0.52,0.478,0.509,0.487
0.489,0.509,0.493,0.489,0.5,0.507,0.493,0.495,0.505,0.484,0.491,0.5,0.501,0.484,0.483,0.514,0.497,0.498,0.527,0.501,0.514,0.514,0.517,0.498,0.526,0.514,0.493,0.452,0.506,0.506,0.503,0.503,0.523,0.486,0.504,0.502,0.509,0.49,0.492,0.514,0.481,0.503,0.534,0.512,0.487,0.503,0.506,0.524,0.506,0.488,0.49,0.514,0.489,0.489,0.471,0.496,0.497,0.513,0.494,0.503,0.513,0.51,0.526,0.494
0.515,0.501,0.483,0.493,0.48,0.491,0.505,0.493,0.489,0.488,0.509,0.492,0.503,0.513,0.501,0.498,0.509,0.496,0.514,0.526,0.506,0.51,0.474,0.476,0.5,0.489,0.503,0.483,0.49,0.482,0.493,0.497,0.486,0.503,0.482,0.492,0.505,0.501,0.518,0.51,0.495,0.502,0.494,0.488,0.496,0.502,0.493,0.479,0.531,0.485,0.5,0.499,0.502,0.52,0.501,0.521,0.482,0.523,0.521,0.493,0.481,0.5,0.479,0.501
0.487,0.486,0.487,0.509,0.496,0.497,0.505,0.499,0.488,0.508,0.485,0.511,0.493,0.506,0.501,0.535,0.501,0.49,0.494,0.475,0.479,0.485,0.481,0.526,0.524,0.501,0.498,0.513,0.501,0.502,0.467,0.51,0.514,0.502,0.505,0.511,0.483,0.482,0.51,0.491,0.512,0.51,0.523,0.518,0.517,0.531,0.512,0.511,0.491,0.483,0.503,0.506,0.522,0.517,0.484,0.477,0.503,0.505,0.495,0.511,0.537,0.517,0.513,0.505
0.491,0.522,0.519,0.508,0.505,0.47,0.49,0.512,0.512,0.489,0.503,0.536,0.514,0.491,0.501,0.492,0.512,0.483,0.493,0.5,0.505,0.523,0.513,0.505,0.503,0.488,0.482,0.486,0.498,0.511,0.503,0.512,0.539,0.504,0.517,0.494,0.526,0.511,0.512,0.49,0.493,0.485,0.488,0.497,0.5,0.493,0.498,0.492,0.527,0.522,0.49,0.492,0.476,0.489,0.511,0.5,0.528,0.469,0.531,0.5,0.522,0.49,0.52,0.521
0.507,0.513,0.509,0.521,0.497,0.489,0.495,0.506,0.511,0.506,0.515,0.486,0.505,0.479,0.487,0.515,0.469,0.507,0.524,0.505,0.485,0.469,0.505,0.496,0.5,0.483,0.514,0.515,0.475,0.51,0.494,0.488,0.523,0.502,0.513,0.502,0.479,0.538,0.509,0.526,0.49,0.499,0.483,0.521,0.489,0.49,0.504,0.51,0.511,0.498,0.461,0.496,0.498,0.5,0.514,0.528,0.513,0.492,0.504,0.51,0.502,0.482,0.505,0.482
0.507,0.515,0.509,0.471,0.512,0.517,0.512,0.503,0.528,0.485,0.535,0.503,0.49,0.495,0.514,0.499,0.496,0.491,0.505,0.469,0.533,0.523,0.478,0.498,0.51,0.481,0.501,0.501,0.497,0.517,0.52,0.515,0.487,0.507,0.5,0.487,0.489,0.512,0.51,0.526,0.492,0.491,0.502,0.505,0.47,0.514,0.501,0.504,0.505,0.533,0.534,0.479,0.493,0.491,0.479,0.505,0.502,0.514,0.532,0.529,0.51,0.498,0.471,0.481
0.509,0.498,0.503,0.492,0.521,0.514,0.511,0.514,0.495,0.506,0.501,0.492,0.523,0.51,0.488,0.529,0.495,0.506,0.511,0.512,0.495,0.503,0.518,0.497,0.486,0.493,0.478,0.459,0.494,0.474,0.495,0.478,0.49,0.493,0.492,0.493,0.512,0.482,0.52,0.503,0.5,0.497,0.499,0.5,0.547,0.49,0.508,0.471,0.492,0.496,0.476,0.503,0.497,0.504,0.513,0.478,0.491,0.506,0.492,0.503,0.53,0.489,0.475,0.479
0.503,0.489,0.478,0.522,0.501,0.491,0.481,0.471,0.515,0.492,0.505,0.522,0.521,0.496,0.476,0.503,0.505,0.49,0.507,0.505,0.507,0.497,0.486,0.498,0.527,0.529,0.481,0.479,0.502,0.504,0.526,0.521,0.508,0.48,0.495,0.48,0.505,0.495,0.492,0.519,0.484,0.521,0.501,0.52,0.511,0.513,0.536,0.485,0.487,0.503,0.507,0.491,0.491,0.511,0.481,0.499,0.496,0.497,0.513,0.506,0.516,0.48,0.499,0.495
0.493,0.513,0.485,0.498,0.511,0.485,0.465,0.479,0.494,0.497,0.498,0.512,0.492,0.515,0.526,0.514,0.519,0.512,0.49,0.472,0.494,0.497,0.526,0.48,0.477,0.491,0.478,0.51,0.543,0.497,0.546,0.516,0.509,0.504,0.493,0.509,0.484,0.514,0.515,0.537,0.492,0.508,0.489,0.505,0.501,0.509,0.519,0.499,0.479,0.499,0.5,0.502,0.508,0.492,0.479,0.514,0.506,0.476,0.522,0.478,0.477,0.466,0.479,0.512
0.491,0.501,0.503,0.478,0.504,0.517,0.495,0.508,0.491,0.503,0.498,0.536,0.503,0.494,0.471,0.486,0.511,0.503,0.485,0.532,0.516,0.511,0.518,0.505,0.482,0.494,0.494,0.507,0.499,0.519,0.485,0.515,0.501,0.512,0.498,0.503,0.498,0.518,0.514,0.513,0.5,0.488,0.512,0.518,0.503,0.493,0.466,0.502,0.497,0.493,0.47,0.499,0.48,0.495,0.487,0.501,0.493,0.488,0.496,0.487,0.521,0.503,0.521,0.492
0.527,0.505,0.525,0.492,0.484,0.47,0.513,0.498,0.491,0.487,0.513,0.519,0.497,0.495,0.493,0.492,0.506,0.476,0.498,0.506,0.49,0.549,0.489,0.495,0.508,0.514,0.506,0.511,0.508,0.486,0.503,0.485,0.497,0.497,0.472,0.499,0.493,0.512,0.528,0.502,0.504,0.484,0.474,0.497,0.482,0.532,0.49,0.478,0.517,0.506,0.503,0.491,0.489,0.5,0.496,0.529,0.485,0.506,0.504,0.495,0.525,0.497,0.528,0.496
0.478,0.489,0.507,0.496,0.502,0.486,0.491,0.492,0.503,0.514,0.527,0.513,0.5,0.508,0.496,0.484,0.512,0.487,0.461,0.49,0.494,0.482,0.494,0.46,0.5,0.494,0.481,0.521,0.519,0.485,0.5,0.535,0.499,0.522,0.531,0.504,0.511,0.508,0.508,0.51,0.514,0.53,0.52,0.526,0.514,0.519,0.495,0.501,0.498,0.503,0.513,0.502,0.505,0.487,0.515,0.515,0.476,0.511,0.505,0.515,0.511,0.523,0.476,0.503
0.483,0.493,0.536,0.515,0.496,0.509,0.497,0.504,0.494,0.493,0.519,0.515,0.494,0.491,0.495,0.513,0.485,0.489,0.526,0.491,0.497,0.499,0.531,0.511,0.506,0.482,0.495,0.492,0.51,0.492,0.486,0.507,0.482,0.523,0.493,0.512,0.511,0.517,0.472,0.522,0.499,0.528,0.522,0.505,0.518,0.485,0.496,0.503,0.5,0.517,0.472,0.48,0.512,0.509,0.511,0.495,0.484,0.499,0.482,0.501,0.498,0.488,0.503,0.508
0.487,0.514,0.487,0.478,0.505,0.485,0.525,0.488,0.51,0.476,0.487,0.514,0.497,0.495,0.489,0.491,0.486,0.487,0.475,0.518,0.524,0.495,0.511,0.469,0.495,0.505,0.489,0.519,0.506,0.504,0.529,0.526,0.538,0.519,0.466,0.511,0.501,0.502,0.526,0.513,0.497,0.51,0.491,0.523,0.525,0.483,0.499,0.502,0.5,0.514,0.526,0.479,0.514,0.502,0.495,0.483,0.518,0.5,0.501,0.476,0.514,0.496,0.497,0.501
0.521,0.508,0.508,0.512,0.48,0.514,0.49,0.499,0.521,0.493,0.5,0.479,0.488,0.482,0.495,0.484,0.486,0.517,0.5,0.495,0.521,0.49,0.484,0.494,0.54,0.466,0.509,0.475,0.491,0.486,0.534,0.527,0.47,0.495,0.5,0.504,0.495,0.506,0.504,0.481,0.487,0.492,0.513,0.515,0.495,0.498,0.5,0.501,0.512,0.514,0.473,0.501,0.51,0.525,0.488,0.521,0.51,0.507,0.513,0.507,0.49,0.493,0.492,0.485
0.526,0.473,0.476,0.523,0.485,0.499,0.496,0.522,0.461,0.516,0.48,0.473,0.495,0.527,0.484,0.479,0.504,0.501,0.47,0.47,0.476,0.506,0.483,0.499,0.498,0.484,0.469,0.491,0.507,0.505,0.494,0.49,0.498,0.504,0.497,0.497,0.506,0.472,0.476,0.52,0.519,0.491,0.486,0.497,0.484,0.529,0.49,0.489,0.496,0.504,0.49,0.493,0.493,0.484,0.497,0.507,0.476,0.514,0.497,0.527,0.472,0.512,0.505,0.495
0.506,0.505,0.506,0.499,0.491,0.49,0.499,0.518,0.513,0.506,0.485,0.514,0.537,0.472,0.518,0.506,0.484,0.49,0.524,0.481,0.5,0.499,0.492,0.498,0.516,0.47,0.469,0.496,0.473,0.507,0.491,0.469,0.497,0.515,0.484,0.498,0.516,0.507,0.502,0.471,0.485,0.481,0.506,0.491,0.495,0.512,0.497,0.52,0.515,0.518,0.509,0.498,0.53,0.504,0.496,0.513,0.494,0.509,0.501,0.496,0.498,0.478,0.487,0.515
0.514,0.495,0.495,0.505,0.495,0.512,0.488,0.49,0.501,0.492,0.52,0.497,0.49,0.496,0.53,0.487,0.487,0.492,0.506,0.504,0.498,0.497,0.498,0.497,0.514,0.473,0.503,0.511,0.458,0.521,0.46,0.495,0.498,0.52,0.516,0.503,0.498,0.492,0.472,0.493,0.505,0.506,0.5,0.477,0.475,0.51,0.502,0.487,0.479,0.5,0.492,0.512,0.496,0.497,0.481,0.462,0.488,0.489,0.515,0.474,0.492,0.516,0.483,0.515
0.478,0.497,0.501,0.501,0.528,0.484,0.489,0.504,0.503,0.484,0.465,0.502,0.501,0.514,0.494,0.525,0.476,0.491,0.533,0.539,0.515,0.492,0.506,0.516,0.484,0.495,0.489,0.494,0.483,0.517,0.493,0.474,0.529,0.523,0.483,0.485,0.497,0.514,0.484,0.468,0.498,0.504,0.483,0.497,0.497,0.482,0.51,0.508,0.489,0.51,0.529,0.506,0.511,0.47,0.495,0.521,0.509,0.49,0.516,0.476,0.488,0.512,0.477,0.47
0.495,0.509,0.472,0.531,0.529,0.506,0.524,0.517,0.488,0.493,0.481,0.507,0.492,0.492,0.499,0.504,0.505,0.485,0.494,0.502,0.484,0.472,0.488,0.521,0.507,0.496,0.505,0.51,0.505,0.519,0.489,0.507,0.49,0.492,0.514,0.513,0.521,0.483,0.486,0.489,0.506,0.504,0.482,0.505,0.474,0.493,0.53,0.509,0.514,0.483,0.485,0.482,0.515,0.502,0.51,0.514,0.488,0.531,0.501,0.492,0.51,0.475,0.483,0.529
0.525,0.528,0.477,0.524,0.512,0.515,0.513,0.503,0.467,0.535,0.514,0.489,0.509,0.493,0.487,0.495,0.504,0.533,0.502,0.515,0.469,0.497,0.519,0.54,0.495,0.501,0.495,0.517,0.471,0.481,0.468,0.523,0.492,0.484,0.532,0.486,0.484,0.467,0.493,0.512,0.494,0.496,0.487,0.489,0.502,0.48,0.491,0.496,0.505,0.473,0.484,0.505,0.482,0.508,0.471,0.499,0.493,0.514,0.509,0.507,0.455,0.508,0.496,0.511
0.486,0.513,0.489,0.509,0.491,0.503,0.502,0.523,0.52,0.489,0.499,0.488,0.502,0.52,0.516,0.499,0.491,0.485,0.484,0.529,0.518,0.513,0.5,0.502,0.519,0.489,0.522,0.488,0.509,0.504,0.495,0.537,0.514,0.5,0.486,0.498,0.473,0.495,0.484,0.492,0.492,0.487,0.512,0.491,0.487,0.494,0.504,0.485,0.518,0.487,0.496,0.491,0.51,0.487,0.526,0.47,0.482,0.493,0.486,0.515,0.487,0.499,0.495,0.506
0.509,0.498,0.512,0.482,0.504,0.501,0.49,0.507,0.489,0.49,0.516,0.504,0.506,0.512,0.493,0.511,0.521,0.507,0.491,0.514,0.475,0.515,0.514,0.458,0.518,0.495,0.479,0.489,0.507,0.497,0.506,0.484,0.506,0.517,0.49,0.482,0.517,0.514,0.48,0.472,0.512,0.492,0.476,0.51,0.525,0.495,0.508,0.511,0.524,0.545,0.496,0.51,0.494,0.53,0.501,0.519,0.516,0.513,0.526,0.487,0.505,0.516,0.49,0.511
0.489,0.507,0.508,0.498,0.513,0.497,0.494,0.504,0.505,0.481,0.515,0.475,0.49,0.5,0.507,0.498,0.494,0.515,0.487,0.516,0.48,0.501,0.508,0.498,0.488,0.498,0.534,0.506,0.485,0.487,0.505,0.497,0.516,0.479,0.521,0.534,0.501,0.497,0.485,0.509,0.519,0.5,0.512,0.539,0.506,0.5,0.481,0.468,0.481,0.509,0.479,0.494,0.519,0.484,0.499,0.521,0.505,0.509,0.501,0.485,0.508,0.51,0.516,0.481
0.526,0.493,0.506,0.505,0.506,0.484,0.51,0.477,0.505,0.512,0.498,0.497,0.512,0.482,0.495,0.499,0.52,0.489,0.492,0.502,0.491,0.499,0.514,0.503,0.486,0.505,0.517,0.517,0.507,0.477,0.491,0.481,0.509,0.49,0.504,0.498,0.48,0.497,0.494,0.518,0.48,0.509,0.499,0.459,0.489,0.495,0.506,0.529,0.484,0.515,0.513,0.497,0.506,0.501,0.487,0.506,0.505,0.499,0.484,0.502,0.509,0.459,0.498,0.494
0.5,0.48,0.488,0.478,0.497,0.459,0.491,0.49,0.493,0.471,0.495,0.486,0.508,0.509,0.507,0.504,0.502,0.487,0.492,0.515,0.527,0.492,0.519,0.456,0.502,0.532,0.497,0.484,0.527,0.5,0.492,0.503,0.48,0.512,0.527,0.532,0.494,0.513,0.499,0.512,0.506,0.47,0.515,0.491,0.457,0.503,0.499,0.512,0.531,0.514,0.496,0.48,0.511,0.509,0.513,0.499,0.492,0.518,0.514,0.502,0.484,0.516,0.481,0.512
0.504,0.499,0.512,0.493,0.489,0.497,0.477,0.525,0.505,0.506,0.483,0.488,0.491,0.515,0.508,0.501,0.52,0.501,0.497,0.503,0.513,0.498,0.494,0.472,0.508,0.494,0.502,0.533,0.509,0.514,0.49,0.485,0.495,0.516,0.485,0.501,0.505,0.502,0.505,0.481,0.506,0.476,0.503,0.502,0.504,0.511,0.482,0.5,0.528,0.499,0.545,0.481,0.472,0.486,0.518,0.499,0.472,0.499,0.471,0.514,0.467,0.506,0.514,0.503
0.471,0.478,0.493,0.51,0.519,0.482,0.506,0.496,0.492,0.503,0.5,0.509,0.516,0.522,0.484,0.512,0.496,0.512,0.483,0.494,0.512,0.539,0.489,0.529,0.522,0.492,0.467,0.496,0.498,0.514,0.513,0.48,0.525,0.501,0.521,0.476,0.539,0.496,0.519,0.489,0.513,0.49,0.506,0.462,0.52,0.517,0.503,0.493,0.501,0.504,0.493,0.512,0.5,0.491,0.515,0.479,0.498,0.501,0.465,0.482,0.508,0.49,0.526,0.478
0.496,0.525,0.484,0.509,0.516,0.497,0.488,0.504,0.51,0.476,0.505,0.499,0.494,0.487,0.493,0.51,0.497,0.508,0.486,0.514,0.502,0.512,0.494,0.507,0.495,0.479,0.507,0.496,0.513,0.471,0.497,0.487,0.501,0.498,0.501,0.465,0.507,0.494,0.521,0.487,0.536,0.513,0.515,0.522,0.507,0.516,0.507,0.507,0.512,0.513,0.511,0.504,0.495,0.494,0.513,0.466,0.514,0.503,0.507,0.514,0.482,0.503,0.499,0.479
0.514,0.515,0.478,0.508,0.51,0.482,0.485,0.488,0.505,0.529,0.49,0.52,0.512,0.493,0.49,0.508,0.489,0.503,0.466,0.485,0.479,0.512,0.488,0.518,0.478,0.537,0.498,0.479,0.491,0.486,0.518,0.524,0.491,0.533,0.479,0.493,0.485,0.497,0.478,0.475,0.521,0.496,0.486,0.504,0.505,0.538,0.497,0.508,0.507,0.506,0.498,0.505,0.484,0.494,0.494,0.465,0.507,0.505,0.533,0.48,0.513,0.511,0.508,0.516
0.474,0.476,0.482,0.507,0.506,0.517,0.482,0.512,0.49,0.5,0.484,0.513,0.513,0.512,0.512,0.489,0.497,0.512,0.493,0.495,0.471,0.513,0.508,0.488,0.479,0.504,0.52,0.51,0.493,0.516,0.481,0.52,0.507,0.484,0.487,0.532,0.499,0.507,0.516,0.507,0.521,0.493,0.487,0.494,0.491,0.517,0.523,0.497,0.526,0.506,0.507,0.492,0.504,0.467,0.496,0.502,0.523,0.517,0.494,0.508,0.507,0.492,0.518,0.498
0.516,0.488,0.504,0.489,0.502,0.498,0.511,0.505,0.484,0.493,0.497,0.491,0.509,0.504,0.503,0.485,0.472,0.498,0.486,0.5,0.501,0.504,0.479,0.504,0.479,0.508,0.474,0.528,0.516,0.514,0.507,0.502,0.497,0.488,0.514,0.5,0.509,0.498,0.486,0.489,0.493,0.5,0.508,0.496,0.499,0.511,0.469,0.498,0.495,0.486,0.484,0.517,0.497,0.481,0.505,0.481,0.495,0.502,0.512,0.477,0.49,0.493,0.512,0.494
0.482,0.503,0.507,0.523,0.469,0.505,0.474,0.489,0.496,0.508,0.485,0.506,0.493,0.483,0.534,0.503,0.515,0.495,0.485,0.507,0.487,0.491,0.47,0.502,0.497,0.487,0.488,0.502,0.476,0.504,0.502,0.501,0.469,0.49,0.503,0.485,0.502,0.485,0.506,0.502,0.491,0.512,0.516,0.49,0.509,0.455,0.504,0.491,0.498,0.491,0.51,0.503,0.514,0.508,0.51,0.504,0.496,0.519,0.488,0.485,0.497,0.484,0.503,0.538
0.482,0.516,0.499,0.514,0.495,0.485,0.479,0.489,0.491,0.502,0.485,0.489,0.517,0.502,0.482,0.505,0.481,0.487,0.479,0.511,0.466,0.494,0.492,0.518,0.494,0.511,0.489,0.494,0.477,0.488,0.464,0.474,0.488,0.476,0.478,0.499,0.501,0.499,0.508,0.482,0.491,0.478,0.493,0.493,0.5,0.511,0.483,0.507,0.501,0.529,0.489,0.497,0.481,0.512,0.485,0.499,0.527,0.496,0.534,0.496,0.481,0.498,0.487,0.505
0.511,0.488,0.511,0.523,0.506,0.5,0.483,0.501,0.507,0.508,0.473,0.488,0.505,0.512,0.512,0.504,0.519,0.497,0.501,0.529,0.509,0.495,0.508,0.507,0.508,0.511,0.514,0.5,0.487,0.485,0.495,0.474,0.485,0.508,0.499,0.49,0.514,0.485,0.506,0.534,0.49,0.519,0.471,0.487,0.511,0.501,0.539,0.493,0.51,0.507,0.506,0.528,0.477,0.509,0.51,0.49,0.495,0.504,0.499,0.514,0.5,0.503,0.489,0.515
0.519,0.507,0.491,0.483,0.503,0.517,0.511,0.489,0.493,0.507,0.529,0.496,0.505,0.5,0.501,0.497,0.491,0.472,0.512,0.497,0.513,0.511,0.503,0.499,0.52,0.483,0.476,0.508,0.491,0.501,0.538,0.52,0.506,0.474,0.476,0.496,0.492,0.499,0.499,0.496,0.494,0.507,0.509,0.514,0.518,0.5,0.496,0.501,0.464,0.47,0.52,0.5,0.495,0.51,0.489,0.494,0.516,0.474,0.476,0.47,0.516,0.512,0.485,0.496
0.506,0.502,0.501,0.51,0.473,0.535,0.482,0.515,0.502,0.476,0.527,0.513,0.478,0.532,0.512,0.503,0.514,0.488,0.508,0.487,0.525,0.499,0.525,0.495,0.493,0.51,0.525,0.503,0.515,0.494,0.481,0.483,0.513,0.477,0.51,0.488,0.493,0.504,0.505,0.494,0.493,0.509,0.503,0.512,0.49,0.465,0.5,0.498,0.475,0.515,0.49,0.512,0.497,0.507,0.524,0.453,0.521,0.52,0.506,0.473,0.496,0.505,0.535,0.486
0.505,0.484,0.49,0.495,0.496,0.532,0.525,0.507,0.497,0.491,0.476,0.496,0.501,0.524,0.528,0.472,0.515,0.491,0.519,0.491,0.503,0.499,0.494,0.491,0.502,0.504,0.492,0.5,0.486,0.512,0.473,0.481,0.51,0.514,0.522,0.489,0.486,0.484,0.485,0.495,0.487,0.508,0.511,0.503,0.516,0.502,0.495,0.496,0.498,0.503,0.53,0.523,0.536,0.483,0.505,0.497,0.498,0.499,0.495,0.501,0.479,0.502,0.495,0.495
0.502,0.507,0.503,0.507,0.458,0.52,0.496,0.525,0.507,0.497,0.477,0.493,0.518,0.488,0.487,0.505,0.504,0.486,0.504,0.485,0.472,0.5,0.504,0.512,0.493,0.489,0.485,0.496,0.515,0.494,0.493,0.497,0.487,0.507,0.506,0.484,0.498,0.48,0.475,0.488,0.489,0.523,0.5,0.509,0.494,0.51,0.522,0.491,0.516,0.508,0.491,0.505,0.495,0.497,0.495,0.512,0.477,0.502,0.497,0.525,0.496,0.517,0.481,0.492
0.502,0.503,0.507,0.5,0.506,0.486,0.502,0.496,0.496,0.479,0.489,0.506,0.499,0.493,0.501,0.491,0.473,0.498,0.525,0.504,0.493,0.503,0.48,0.512,0.511,0.501,0.503,0.527,0.491,0.511,0.494,0.496,0.514,0.481,0.465,0.498,0.514,0.493,0.525,0.518,0.473,0.518,0.511,0.5,0.482,0.506,0.504,0.48,0.478,0.453,0.509,0.515,0.497,0.487,0.531,0.525,0.481,0.506,0.499,0.481,0.535,0.505,0.516,0.497
0.495,0.514,0.496,0.507,0.496,0.505,0.511,0.524,0.471,0.494,0.483,0.496,0.523,0.517,0.518,0.5,0.472,0.506,0.508,0.497,0.496,0.489,0.513,0.469,0.504,0.52,0.493,0.467,0.495,0.532,0.506,0.49,0.528,0.52,0.466,0.504,0.474,0.497,0.524,0.463,0.489,0.508,0.487,0.519,0.498,0.507,0.497,0.487,0.503,0.493,0.509,0.52,0.503,0.522,0.492,0.488,0.507,0.458,0.482,0.497,0.499,0.518,0.523,0.505
0.523,0.497,0.514,0.513,0.491,0.509,0.506,0.481,0.486,0.508,0.511,0.522,0.501,0.501,0.512,0.484,0.503,0.49,0.504,0.494,0.527,0.512,0.492,0.511,0.507,0.5,0.504,0.528,0.519,0.52,0.508,0.506,0.517,0.48,0.504,0.515,0.463,0.494,0.535,0.501,0.526,0.487,0.52,0.484,0.503,0.518,0.524,0.499,0.517,0.484,0.514,0.468,0.488,0.51,0.517,0.513,0.505,0.498,0.481,0.497,0.495,0.526,0.498,0.509
0.49,0.489,0.494,0.494,0.52,0.516,0.54,0.499,0.5,0.484,0.503,0.518,0.517,0.48,0.502,0.511,0.498,0.51,0.485,0.484,0.515,0.489,0.497,0.505,0.483,0.509,0.492,0.487,0.505,0.491,0.476,0.504,0.492,0.481,0.505,0.51,0.499,0.499,0.494,0.506,0.505,0.504,0.484,0.472,0.494,0.495,0.526,0.509,0.505,0.491,0.48,0.477,0.504,0.499,0.51,0.505,0.504,0.521,0.503,0.484,0.513,0.501,0.483,0.501
0.485,0.53,0.515,0.491,0.496,0.491,0.492,0.487,0.502,0.479,0.506,0.476,0.503,0.474,0.503,0.497,0.475,0.517,0.506,0.494,0.489,0.494,0.513,0.477,0.495,0.476,0.48,0.527,0.49,0.51,0.486,0.493,0.497,0.491,0.508,0.489,0.473,0.505,0.505,0.542,0.527,0.506,0.492,0.502,0.518,0.518,0.484,0.489,0.489,0.494,0.498,0.493,0.515,0.486,0.499,0.534,0.531,0.477,0.491,0.466,0.518,0.532,0.521,0.508
0.504,0.516,0.486,0.508,0.514,0.52,0.512,0.491,0.493,0.501,0.522,0.533,0.506,0.502,0.486,0.534,0.499,0.521,0.511,0.494,0.497,0.527,0.484,0.504,0.503,0.474,0.495,0.495,0.475,0.514,0.523,0.515,0.474,0.507,0.504,0.487,0.505,0.512,0.503,0.539,0.488,0.478,0.492,0.488,0.49,0.474,0.486,0.513,0.49,0.509,0.506,0.527,0.518,0.516,0.477,0.48,0.478,0.496,0.523,0.477,0.494,0.505,0.527,0.499
0.511,0.501,0.505,0.481,0.497,0.499,0.48,0.514,0.474,0.486,0.511,0.492,0.49,0.493,0.491,0.53,0.496,0.497,0.507,0.492,0.494,0.504,0.501,0.487,0.518,0.491,0.497,0.503,0.465,0.532,0.509,0.465,0.521,0.486,0.502,0.491,0.525,0.467,0.506,0.502,0.525,0.5,0.516,0.51,0.508,0.49,0.492,0.523,0.459,0.507,0.498,0.508,0.509,0.506,0.501,0.529,0.481,0.519,0.516,0.506,0.496,0.513,0.488,0.491
0.476,0.498,0.535,0.502,0.496,0.462,0.485,0.474,0.496,0.532,0.504,0.509,0.51,0.514,0.491,0.511,0.493,0.506,0.495,0.486,0.464,0.487,0.501,0.51,0.511,0.507,0.487,0.493,0.485,0.492,0.499,0.47,0.5,0.529,0.496,0.516,0.491,0.499,0.491,0.483,0.484,0.503,0.492,0.511,0.484,0.495,0.493,0.5,0.483,0.513,0.498,0.487,0.505,0.509,0.511,0.481,0.534,0.547,0.5,0.499,0.502,0.524,0.499,0.478
0.492,0.502,0.501,0.501,0.493,0.513,0.484,0.486,0.497,0.489,0.508,0.522,0.512,0.494,0.499,0.492,0.496,0.501,0.499,0.503,0.512,0.498,0.505,0.517,0.501,0.504,0.504,0.527,0.517,0.511,0.509,0.482,0.507,0.503,0.461,0.514,0.476,0.489,0.499,0.488,0.51,0.471,0.493,0.515,0.504,0.52,0.502,0.497,0.492,0.497,0.5,0.515,0.513,0.496,0.516,0.504,0.525,0.507,0.513,0.554,0.507,0.519,0.497,0.5
0.547,0.513,0.527,0.516,0.491,0.493,0.469,0.476,0.53,0.497,0.517,0.502,0.498,0.496,0.5,0.493,0.495,0.525,0.489,0.485,0.481,0.512,0.488,0.507,0.514,0.499,0.486,0.503,0.488,0.52,0.52,0.514,0.487,0.486,0.491,0.508,0.495,0.506,0.513,0.505,0.513,0.499,0.493,0.496,0.517,0.49,0.462,0.478,0.492,0.515,0.526,0.486,0.483,0.502,0.508,0.528,0.507,0.494,0.501,0.499,0.479,0.517,0.521,0.501
0.497,0.49,0.519,0.504,0.509,0.49,0.478,0.519,0.496,0.497,0.513,0.482,0.505,0.5,0.464,0.503,0.515,0.493,0.47,0.503,0.509,0.523,0.495,0.478,0.493,0.485,0.5,0.502,0.53,0.498,0.479,0.502,0.484,0.515,0.49,0.482,0.496,0.527,0.514,0.505,0.508,0.492,0.512,0.491,0.484,0.476,0.499,0.506,0.489,0.532,0.494,0.502,0.505,0.498,0.485,0.495,0.501,0.508,0.497,0.526,0.484,0.504,0.52,0.49
0.512,0.509,0.494,0.478,0.518,0.489,0.499,0.511,0.499,0.491,0.505,0.497,0.52,0.527,0.512,0.496,0.499,0.498,0.492,0.509,0.516,0.494,0.522,0.498,0.485,0.53,0.497,0.47,0.489,0.527,0.489,0.495,0.547,0.489,0.476,0.527,0.485,0.503,0.524,0.509,0.505,0.482,0.514,0.499,0.51,0.479,0.517,0.476,0.52,0.522,0.479,0.479,0.502,0.5,0.526,0.488,0.531,0.505,0.512,0.47,0.493,0.509,0.473,0.501
0.502,0.479,0.497,0.527,0.491,0.508,0.463,0.502,0.506,0.471,0.51,0.471,0.496,0.496,0.516,0.492,0.491,0.489,0.513,0.517,0.479,0.518,0.503,0.485,0.483,0.486,0.497,0.486,0.489,0.512,0.483,0.477,0.505,0.493,0.502,0.476,0.515,0.49,0.455,0.504,0.504,0.497,0.465,0.509,0.467,0.509,0.478,0.508,0.493,0.505,0.485,0.517,0.496,0.545,0.495,0.485,0.526,0.502,0.521,0.508,0.511,0.487,0.493,0.478
0.525,0.51,0.505,0.507,0.51,0.486,0.5,0.476,0.504,0.522,0.52,0.482,0.517,0.514,0.496,0.499,0.501,0.532,0.502,0.548,0.503,0.512,0.538,0.485,0.529,0.517,0.527,0.504,0.525,0.494,0.496,0.506,0.534,0.487,0.517,0.53,0.499,0.494,0.492,0.495,0.495,0.495,0.509,0.482,0.488,0.482,0.491,0.487,0.533,0.52,0.514,0.493,0.495,0.481,0.483,0.481,0.48,0.488,0.486,0.47,0.494,0.526,0.499,0.502
0.509,0.49,0.493,0.483,0.49,0.49,0.505,0.498,0.503,0.501,0.521,0.487,0.481,0.475,0.512,0.494,0.5,0.545,0.494,0.507,0.488,0.484,0.487,0.514,0.482,0.513,0.476,0.494,0.52,0.481,0.482,0.509,0.469,0.488,0.488,0.503,0.51,0.468,0.51,0.541,0.498,0.479,0.527,0.512,0.478,0.501,0.502,0.484,0.522,0.513,0.494,0.523,0.518,0.511,0.476,0.492,0.49,0.5,0.523,0.501,0.496,0.504,0.523,0.5
0.477,0.482,0.51,0.511,0.492,0.524,0.506,0.528,0.498,0.498,0.502,0.48,0.516,0.543,0.515,0.508,0.498,0.514,0.492,0.478,0.491,0.504,0.463,0.502,0.505,0.502,0.503,0.517,0.49,0.505,0.512,0.524,0.515,0.498,0.497,0.491,0.502,0.493,0.492,0.525,0.483,0.519,0.49,0.517,0.519,0.502,0.534,0.53,0.468,0.498,0.502,0.494,0.518,0.5,0.484,0.519,0.529,0.492,0.508,0.528,0.5,0.496,0.476,0.512
0.502,0.509,0.482,0.495,0.52,0.492,0.499,0.466,0.525,0.536,0.514,0.525,0.505,0.491,0.528,0.486,0.488,0.5,0.486,0.521,0.529,0.489,0.487,0.506,0.508,0.512,0.507,0.517,0.479,0.506,0.471,0.508,0.51,0.514,0.492,0.529,0.482,0.529,0.477,0.477,0.499,0.485,0.503,0.513,0.504,0.526,0.478,0.522,0.502,0.508,0.471,0.499,0.484,0.511,0.489,0.517,0.473,0.489,0.49,0.487,0.493,0.488,0.518,0.501
0.488,0.502,0.492,0.482,0.466,0.494,0.502,0.512,0.486,0.501,0.492,0.494,0.509,0.461,0.524,0.509,0.513,0.504,0.517,0.483,0.505,0.52,0.505,0.52,0.524,0.513,0.454,0.504,0.514,0.522,0.492,0.515,0.501,0.489,0.524,0.509,0.479,0.486,0.524,0.512,0.505,0.502,0.513,0.512,0.523,0.524,0.502,0.522,0.537,0.506,0.51,0.52,0.514,0.513,0.507,0.503,0.485,0.498,0.512,0.489,0.5,0.504,0.48,0.495
0.5,0.512,0.495,0.498,0.479,0.48,0.506,0.488,0.5,0.487,0.511,0.494,0.524,0.513,0.486,0.48,0.491,0.501,0.512,0.469,0.515,0.527,0.528,0.483,0.49,0.508,0.514,0.515,0.506,0.52,0.521,0.486,0.488,0.505,0.498,0.498,0.508,0.511,0.514,0.504,0.512,0.494,0.466,0.511,0.511,0.488,0.507,0.483,0.476,0.509,0.482,0.51,0.505,0.494,0.488,0.521,0.514,0.485,0.506,0.524,0.5,0.488,0.492,0.482
0.486,0.485,0.521,0.488,0.498,0.534,0.48,0.502,0.519,0.508,0.508,0.476,0.479,0.503,0.473,0.509,0.507,0.503,0.508,0.497,0.527,0.488,0.515,0.476,0.501,0.503,0.477,0.513,0.479,0.51,0.521,0.498,0.5,0.543,0.481,0.501,0.506,0.506,0.521,0.474,0.495,0.506,0.482,0.485,0.521,0.505,0.505,0.48,0.518,0.496,0.496,0.457,0.499,0.496,0.536,0.49,0.513,0.487,0.498,0.52,0.499,0.528,0.504,0.491
0.514,0.507,0.505,0.478,0.509,0.519,0.5,0.521,0.541,0.502,0.482,0.485,0.528,0.521,0.518,0.507,0.491,0.515,0.497,0.486,0.507,0.483,0.502,0.49,0.509,0.481,0.504,0.499,0.481,0.504,0.501,0.483,0.515,0.49,0.505,0.459,0.501,0.482,0.514,0.472,0.515,0.49,0.499,0.505,0.479,0.505,0.491,0.513,0.521,0.49,0.483,0.48,0.475,0.466,0.511,0.521,0.477,0.526,0.531,0.516,0.51,0.499,0.502,0.482
0.501,0.501,0.486,0.499,0.499,0.499,0.487,0.508,0.508,0.49,0.508,0.513,0.493,0.509,0.495,0.49,0.501,0.495,0.48,0.498,0.495,0.513,0.519,0.462,0.513,0.508,0.493,0.49,0.512,0.482,0.511,0.5,0.493,0.492,0.519,0.509,0.51,0.484,0.492,0.482,0.497,0.506,0.507,0.509,0.483,0.478,0.49,0.512,0.505,0.514,0.516,0.478,0.492,0.495,0.493,0.532,0.501,0.497,0.489,0.487,0.514,0.518,0.488,0.496
0.47,0.496,0.477,0.521,0.5,0.467,0.527,0.505,0.502,0.47,0.496,0.481,0.521,0.502,0.49,0.497,0.467,0.502,0.492,0.51,0.513,0.496,0.482,0.489,0.522,0.522,0.54,0.496,0.482,0.502,0.476,0.484,0.504,0.526,0.528,0.507,0.517,0.508,0.517,0.487,0.505,0.489,0.507,0.495,0.506,0.508,0.475,0.518,0.486,0.551,0.48,0.492,0.485,0.504,0.491,0.518,0.511,0.504,0.503,0.512,0.481,0.492,0.486,0.514
0.524,0.506,0.496,0.482,0.467,0.526,0.504,0.484,0.488,0.511,0.514,0.497,0.483,0.493,0.507,0.518,0.518,0.505,0.528,0.515,0.5,0.524,0.489,0.488,0.493,0.488,0.483,0.492,0.515,0.503,0.509,0.489,0.496,0.478,0.504,0.493,0.485,0.496,0.484,0.481,0.513,0.522,0.515,0.493,0.497,0.507,0.487,0.502,0.52,0.5,0.527,0.486,0.508,0.495,0.489,0.488,0.5,0.495,0.505,0.49,0.513,0.509,0.489,0.52
0.508,0.531,0.54,0.506,0.489,0.51,0.51,0.48,0.49,0.5,0.496,0.525,0.502,0.507,0.508,0.502,0.519,0.469,0.519,0.515,0.506,0.506,0.486,0.489,0.505,0.528,0.5,0.494,0.475,0.516,0.477,0.499,0.511,0.506,0.491,0.494,0.499,0.509,0.51,0.484,0.515,0.5,0.525,0.505,0.521,0.504,0.498,0.5,0.479,0.493,0.507,0.478,0.497,0.497,0.524,0.516,0.524,0.491,0.49,0.48,0.516,0.487,0.498,0.513
0.487,0.531,0.514,0.518,0.516,0.471,0.494,0.508,0.48,0.508,0.496,0.508,0.485,0.478,0.509,0.498,0.501,0.505,0.52,0.456,0.514,0.496,0.484,0.505,0.497,0.496,0.491,0.491,0.475,0.526,0.504,0.497,0.497,0.502,0.483,0.496,0.491,0.482,0.523,0.512,0.478,0.498,0.518,0.487,0.499,0.482,0.498,0.506,0.478,0.464,0.503,0.499,0.515,0.484,0.484,0.492,0.495,0.498,0.488,0.521,0.522,0.504,0.51,0.486
0.508,0.523,0.494,0.509,0.504,0.482,0.488,0.52,0.512,0.508,0.512,0.497,0.5,0.488,0.508,0.487,0.454,0.512,0.505,0.516,0.52,0.506,0.498,0.51,0.491,0.505,0.504,0.482,0.503,0.528,0.498,0.532,0.494,0.5,0.507,0.513,0.502,0.494,0.463,0.513,0.485,0.483,0.48,0.497,0.492,0.497,0.525,0.514,0.497,0.471,0.512,0.494,0.504,0.481,0.498,0.522,0.492,0.503,0.516,0.486,0.474,0.511,0.522,0.499
0.476,0.529,0.493,0.484,0.491,0.5,0.534,0.525,0.476,0.515,0.465,0.486,0.519,0.481,0.51,0.47,0.532,0.486,0.504,0.509,0.5,0.485,0.491,0.478,0.497,0.497,0.505,0.485,0.491,0.492,0.503,0.492,0.528,0.496,0.5,0.501,0.52,0.495,0.502,0.548,0.493,0.525,0.487,0.516,0.467,0.507,0.515,0.509,0.517,0.522,0.499,0.478,0.503,0.502,0.478,0.495,0.51,0.505,0.518,0.486,0.516,0.49,0.492,0.506
0.487,0.494,0.499,0.511,0.494,0.499,0.505,0.507,0.504,0.498,0.501,0.517,0.495,0.51,0.5,0.529,0.487,0.509,0.505,0.51,0.519,0.477,0.496,0.514,0.507,0.483,0.493,0.502,0.486,0.501,0.5,0.488,0.489,0.486,0.481,0.516,0.501,0.489,0.511,0.485,0.498,0.526,0.529,0.508,0.482,0.495,0.486,0.477,0.486,0.474,0.496,0.503,0.507,0.508,0.518,0.506,0.511,0.501,0.507,0.505,0.497,0.512,0.494,0.488
0.519,0.502,0.503,0.505,0.516,0.463,0.501,0.515,0.512,0.525,0.519,0.495,0.479,0.514,0.493,0.525,0.508,0.52,0.483,0.473,0.476,0.47,0.498,0.519,0.511,0.476,0.502,0.493,0.512,0.48,0.532,0.497,0.496,0.51,0.517,0.503,0.51,0.513,0.49,0.488,0.509,0.505,0.5,0.506,0.522,0.492,0.5,0.503,0.48,0.497,0.481,0.501,0.476,0.48,0.518,0.503,0.485,0.497,0.479,0.496,0.5,0.48,0.493,0.493
0.509,0.499,0.503,0.521,0.491,0.515,0.489,0.472,0.479,0.484,0.518,0.492,0.487,0.504,0.514,0.491,0.497,0.498,0.502,0.492,0.514,0.5,0.5,0.498,0.505,0.525,0.532,0.48,0.51,0.498,0.483,0.493,0.517,0.495,0.543,0.497,0.493,0.508,0.508,0.478,0.512,0.515,0.508,0.503,0.511,0.512,0.521,0.495,0.475,0.518,0.506,0.503,0.483,0.504,0.508,0.488,0.508,0.499,0.472,0.483,0.5,0.511,0.517,0.467
0.51,0.537,0.501,0.48,0.482,0.482,0.464,0.486,0.502,0.513,0.531,0.507,0.507,0.5,0.516,0.492,0.488,0.491,0.481,0.506,0.487,0.503,0.488,0.498,0.516,0.488,0.474,0.505,0.508,0.501,0.492,0.502,0.476,0.49,0.485,0.506,0.515,0.502,0.509,0.494,0.473,0.507,0.526,0.465,0.483,0.478,0.507,0.53,0.502,0.507,0.511,0.518,0.495,0.509,0.502,0.533,0.468,0.485,0.496,0.516,0.517,0.502,0.518,0.485
0.505,0.484,0.494,0.468,0.489,0.512,0.513,0.489,0.49,0.524,0.508,0.513,0.533,0.509,0.512,0.489,0.513,0.487,0.483,0.509,0.508,0.479,0.486,0.482,0.487,0.5,0.493,0.543,0.517,0.497,0.538,0.506,0.516,0.488,0.511,0.501,0.503,0.489,0.518,0.499,0.541,0.494,0.498,0.499,0.499,0.508,0.499,0.487,0.494,0.502,0.491,0.487,0.498,0.515,0.49,0.501,0.522,0.536,0.492,0.487,0.486,0.518,0.549,0.517
0.51,0.508,0.532,0.527,0.497,0.495,0.487,0.503,0.496,0.514,0.474,0.518,0.521,0.492,0.476,0.504,0.504,0.521,0.482,0.519,0.515,0.513,0.505,0.497,0.478,0.499,0.539,0.519,0.493,0.485,0.467,0.533,0.508,0.488,0.502,0.506,0.502,0.491,0.495,0.505,0.5,0.493,0.464,0.527,0.52,0.5,0.498,0.481,0.507,0.492,0.505,0.519,0.491,0.498,0.49,0.478,0.505,0.534,0.508,0.505,0.471,0.493,0.495,0.495
0.504,0.505,0.523,0.494,0.505,0.492,0.513,0.51,0.529,0.497,0.489,0.507,0.518,0.486,0.512,0.537,0.494,0.518,0.507,0.491,0.53,0.485,0.497,0.502,0.515,0.472,0.507,0.528,0.469,0.5,0.498,0.52,0.498,0.47,0.519,0.5,0.491,0.481,0.475,0.501,0.499,0.512,0.506,0.49,0.494,0.495,0.482,0.519,0.487,0.518,0.509,0.493,0.497,0.479,0.507,0.506,0.517,0.493,0.466,0.483,0.498,0.494,0.509,0.495
0.487,0.518,0.506,0.504,0.528,0.504,0.516,0.503,0.483,0.508,0.489,0.493,0.474,0.506,0.492,0.485,0.504,0.501,0.487,0.51,0.488,0.48,0.506,0.516,0.496,0.503,0.53,0.501,0.476,0.496,0.504,0.486,0.517,0.512,0.486,0.478,0.486,0.497,0.515,0.496,0.512,0.47,0.512,0.521,0.502,0.5,0.504,0.475,0.515,0.522,0.509,0.492,0.499,0.515,0.518,0.492,0.511,0.517,0.506,0.518,0.526,0.491,0.488,0.497
0.49,0.52,0.502,0.506,0.508,0.489,0.5,0.507,0.491,0.488,0.491,0.519,0.546,0.496,0.499,0.495,0.482,0.54,0.506,0.477,0.498,0.493,0.48,0.508,0.479,0.522,0.523,0.48,0.488,0.51,0.528,0.498,0.454,0.489,0.51,0.514,0.496,0.491,0.515,0.507,0.503,0.5,0.509,0.5,0.499,0.507,0.499,0.501,0.501,0.497,0.499,0.485,0.481,0.497,0.509,0.49,0.501,0.47,0.482,0.517,0.514,0.49,0.499,0.521
0.491,0.502,0.508,0.489,0.485,0.465,0.5,0.508,0.501,0.511,0.503,0.499,0.501,0.48,0.492,0.497,0.501,0.481,0.514,0.523,0.538,0.482,0.488,0.495,0.527,0.526,0.466,0.492,0.476,0.461,0.489,0.523,0.497,0.524,0.484,0.486,0.484,0.497,0.514,0.492,0.494,0.49,0.495,0.508,0.522,0.494,0.514,0.486,0.498,0.488,0.528,0.518,0.487,0.493,0.465,0.473,0.499,0.513,0.495,0.524,0.495,0.507,0.501,0.507
0.524,0.496,0.504,0.537,0.5,0.512,0.51,0.468,0.5,0.496,0.527,0.505,0.494,0.476,0.511,0.513,0.517,0.485,0.484,0.477,0.487,0.508,0.504,0.512,0.523,0.508,0.477,0.512,0.514,0.497,0.48,0.495,0.518,0.494,0.477,0.498,0.51,0.527,0.49,0.492,0.518,0.486,0.496,0.518,0.476,0.518,0.496,0.507,0.489,0.492,0.469,0.479,0.508,0.497,0.503,0.495,0.514,0.476,0.51,0.527,0.498,0.512,0.506,0.501
0.5,0.487,0.502,0.528,0.484,0.497,0.489,0.495,0.507,0.516,0.48,0.479,0.517,0.502,0.502,0.504,0.491,0.497,0.517,0.493,0.478,0.523,0.506,0.515,0.469,0.473,0.479,0.499,0.493,0.531,0.518,0.501,0.515,0.478,0.478,0.505,0.517,0.504,0.511,0.507,0.488,0.493,0.482,0.486,0.476,0.508,0.507,0.504,0.511,0.482,0.491,0.501,0.52,0.485,0.51,0.473,0.504,0.478,0.475,0.528,0.521,0.517,0.533,0.484
0.477,0.461,0.48,0.502,0.513,0.52,0.495,0.471,0.532,0.499,0.495,0.518,0.485,0.507,0.505,0.492,0.525,0.489,0.496,0.493,0.525,0.49,0.504,0.498,0.522,0.499,0.521,0.523,0.511,0.504,0.483,0.517,0.522,0.541,0.5,0.494,0.529,0.496,0.516,0.512,0.495,0.528,0.52,0.487,0.505,0.493,0.503,0.526,0.507,0.5,0.502,0.507,0.465,0.496,0.509,0.513,0.495,0.493,0.519,0.477,0.503,0.513,0.501,0.51
0.513,0.491,0.522,0.489,0.515,0.502,0.504,0.504,0.508,0.486,0.506,0.487,0.51,0.506,0.515,0.523,0.491,0.501,0.494,0.504,0.472,0.484,0.475,0.52,0.5,0.492,0.497,0.492,0.521,0.503,0.484,0.522,0.493,0.495,0.493,0.515,0.486,0.5,0.494,0.492,0.516,0.516,0.501,0.526,0.485,0.479,0.485,0.51,0.515,0.519,0.47,0.504,0.497,0.491,0.486,0.495,0.485,0.478,0.484,0.478,0.479,0.49,0.507,0.502
0.488,0.525,0.488,0.495,0.486,0.502,0.499,0.508,0.508,0.501,0.489,0.487,0.512,0.488,0.512,0.502,0.531,0.494,0.497,0.522,0.51,0.494,0.502,0.509,0.495,0.488,0.51,0.508,0.52,0.504,0.513,0.492,0.468,0.516,0.523,0.513,0.519,0.491,0.489,0.483,0.509,0.479,0.491,0.502,0.483,0.525,0.513,0.519,0.502,0.508,0.484,0.522,0.505,0.521,0.477,0.496,0.512,0.513,0.499,0.511,0.495,0.503,0.511,0.495
0.496,0.474,0.511,0.511,0.505,0.494,0.512,0.477,0.503,0.497,0.508,0.486,0.525,0.485,0.502,0.485,0.488,0.494,0.518,0.509,0.467,0.479,0.532,0.492,0.515,0.501,0.522,0.476,0.481,0.484,0.519,0.506,0.499,0.493,0.518,0.517,0.507,0.483,0.502,0.519,0.485,0.478,0.495,0.51,0.485,0.522,0.505,0.529,0.528,0.519,0.48,0.466,0.518,0.495,0.503,0.464,0.494,0.515,0.514,0.494,0.467,0.49,0.52,0.54
0.493,0.518,0.489,0.472,0.505,0.49,0.509,0.488,0.496,0.468,0.503,0.512,0.485,0.518,0.504,0.519,0.485,0.49,0.496,0.517,0.477,0.492,0.506,0.5,0.487,0.512,0.486,0.521,0.491,0.511,0.495,0.51,0.465,0.513,0.513,0.494,0.511,0.516,0.471,0.478,0.514,0.497,0.516,0.519,0.5,0.506,0.493,0.511,0.522,0.498,0.45,0.525,0.517,0.529,0.525,0.506,0.476,0.494,0.488,0.501,0.527,0.499,0.49,0.475
0.515,0.473,0.511,0.474,0.472,0.512,0.475,0.501,0.518,0.507,0.503,0.504,0.471,0.512,0.489,0.497,0.506,0.47,0.499,0.508,0.526,0.506,0.485,0.492,0.504,0.505,0.507,0.487,0.49,0.507,0.529,0.526,0.493,0.504,0.502,0.476,0.503,0.474,0.498,0.507,0.488,0.52,0.525,0.517,0.499,0.496,0.481,0.516,0.514,0.482,0.488,0.47,0.482,0.504,0.495,0.503,0.506,0.496,0.501,0.516,0.487,0.506,0.517,0.486
0.516,0.515,0.495,0.515,0.504,0.508,0.493,0.495,0.515,0.506,0.494,0.51,0.493,0.516,0.484,0.5,0.526,0.497,0.528,0.495,0.49,0.503,0.52,0.516,0.498,0.488,0.522,0.493,0.499,0.489,0.491,0.499,0.524,0.514,0.499,0.477,0.487,0.542,0.499,0.486,0.507,0.5,0.48,0.466,0.531,0.499,0.515,0.477,0.508,0.516,0.51,0.512,0.502,0.474,0.502,0.509,0.512,0.481,0.499,0.526,0.501,0.51,0.53,0.501
0.478,0.487,0.489,0.503,0.526,0.489,0.507,0.507,0.511,0.509,0.463,0.521,0.484,0.495,0.521,0.511,0.481,0.503,0.502,0.487,0.519,0.487,0.493,0.503,0.522,0.498,0.495,0.535,0.49,0.469,0.493,0.503,0.518,0.484,0.536,0.516,0.5,0.518,0.521,0.517,0.477,0.497,0.506,0.508,0.488,0.496,0.509,0.525,0.476,0.508,0.494,0.494,0.502,0.489,0.528,0.48,0.502,0.484,0.512,0.491,0.486,0.497,0.523,0.496
0.483,0.51,0.475,0.488,0.505,0.474,0.488,0.491,0.516,0.524,0.504,0.52,0.512,0.498,0.468,0.486,0.526,0.504,0.496,0.476,0.523,0.514,0.511,0.515,0.477,0.509,0.475,0.518,0.485,0.503,0.503,0.519,0.509,0.493,0.484,0.494,0.513,0.514,0.493,0.516,0.543,0.49,0.465,0.479,0.49,0.48,0.488,0.511,0.497,0.509,0.483,0.496,0.516,0.482,0.506,0.475,0.504,0.491,0.509,0.529,0.511,0.5,0.484,0.461
0.493,0.499,0.502,0.48,0.49,0.495,0.515,0.503,0.516,0.504,0.508,0.489,0.511,0.458,0.495,0.497,0.486,0.53,0.495,0.498,0.503,0.508,0.49,0.517,0.497,0.514,0.504,0.519,0.471,0.487,0.501,0.5,0.506,0.487,0.501,0.509,0.524,0.466,0.496,0.523,0.485,0.511,0.511,0.494,0.499,0.482,0.493,0.525,0.529,0.462,0.501,0.53,0.502,0.498,0.515,0.507,0.494,0.49,0.509,0.482,0.525,0.492,0.484,0.543
0.513,0.497,0.497,0.492,0.486,0.532,0.497,0.501,0.488,0.486,0.492,0.496,0.515,0.53,0.493,0.493,0.501,0.488,0.493,0.501,0.494,0.493,0.497,0.49,0.501,0.504,0.468,0.518,0.481,0.501,0.529,0.5,0.507,0.506,0.507,0.498,0.513,0.473,0.508,0.504,0.505,0.511,0.498,0.497,0.493,0.497,0.48,0.499,0.477,0.486,0.493,0.49,0.478,0.519,0.492,0.512,0.503,0.497,0.477,0.521,0.489,0.467,0.521,0.513
0.502,0.503,0.491,0.48,0.514,0.523,0.51,0.516,0.479,0.482,0.509,0.511,0.493,0.516,0.5,0.494,0.49,0.493,0.499,0.492,0.512,0.494,0.505,0.494,0.527,0.507,0.505,0.462,0.512,0.492,0.481,0.483,0.509,0.51,0.502,0.532,0.515,0.478,0.516,0.502,0.491,0.48,0.524,0.493,0.531,0.517,0.501,0.474,0.475,0.501,0.502,0.509,0.48,0.485,0.502,0.487,0.498,0.467,0.47,0.533,0.519,0.514,0.489,0.507
0.476,0.515,0.5,0.491,0.468,0.519,0.497,0.495,0.479,0.535,0.497,0.528,0.507,0.497,0.492,0.473,0.48,0.479,0.482,0.509,0.488,0.513,0.513,0.496,0.504,0.52,0.496,0.505,0.473,0.509,0.489,0.478,0.481,0.482,0.498,0.505,0.506,0.501,0.509,0.514,0.48,0.527,0.518,0.532,0.494,0.498,0.481,0.495,0.475,0.524,0.495,0.498,0.511,0.505,0.495,0.51,0.498,0.481,0.512,0.507,0.515,0.506,0.485,0.504
0.518,0.492,0.496,0.513,0.472,0.502,0.488,0.5,0.485,0.504,0.502,0.519,0.515,0.495,0.521,0.511,0.526,0.494,0.473,0.491,0.481,0.494,0.499,0.487,0.492,0.476,0.481,0.478,0.5,0.488,0.535,0.49,0.482,0.489,0.497,0.507,0.479,0.477,0.499,0.483,0.493,0.495,0.513,0.489,0.499,0.474,0.524,0.497,0.504,0.463,0.508,0.522,0.495,0.512,0.515,0.506,0.479,0.521,0.463,0.527,0.479,0.495,0.518,0.512
0.51,0.489,0.517,0.48,0.491,0.483,0.47,0.512,0.507,0.517,0.479,0.492,0.497,0.501,0.496,0.53,0.5,0.509,0.495,0.5,0.52,0.481,0.509,0.487,0.485,0.5,0.489,0.483,0.51,0.506,0.513,0.509,0.477,0.501,0.479,0.501,0.492,0.517,0.523,0.508,0.5,0.475,0.535,0.501,0.483,0.501,0.502,0.496,0.502,0.477,0.515,0.504,0.507,0.495,0.481,0.501,0.501,0.525,0.506,0.521,0.486,0.485,0.519,0.521
0.492,0.464,0.486,0.495,0.497,0.496,0.471,0.526,0.505,0.494,0.51,0.51,0.521,0.514,0.517,0.496,0.515,0.497,0.501,0.502,0.503,0.536,0.478,0.507,0.482,0.515,0.494,0.522,0.487,0.499,0.499,0.52,0.505,0.506,0.522,0.509,0.49,0.515,0.495,0.499,0.488,0.499,0.472,0.497,0.496,0.491,0.473,0.472,0.495,0.5,0.484,0.49,0.5,0.48,0.498,0.498,0.516,0.468,0.472,0.491,0.511,0.496,0.515,0.508
0.477,0.5,0.514,0.503,0.467,0.517,0.509,0.513,0.498,0.482,0.486,0.516,0.495,0.506,0.508,0.51,0.509,0.496,0.504,0.508,0.493,0.505,0.492,0.483,0.49,0.51,0.507,0.523,0.486,0.492,0.484,0.501,0.494,0.521,0.502,0.488,0.52,0.514,0.489,0.518,0.517,0.481,0.493,0.485,0.517,0.507,0.47,0.501,0.525,0.494,0.517,0.493,0.502,0.498,0.502,0.527,0.507,0.484,0.485,0.497,0.46,0.485,0.512,0.481
0.47,0.507,0.493,0.48,0.506,0.507,0.498,0.521,0.522,0.525,0.531,0.496,0.519,0.513,0.475,0.478,0.489,0.483,0.521,0.497,0.498,0.473,0.505,0.487,0.48,0.516,0.488,0.492,0.479,0.522,0.502,0.496,0.529,0.48,0.497,0.534,0.496,0.498,0.504,0.512,0.471,0.522,0.511,0.494,0.521,0.494,0.522,0.499,0.486,0.515,0.521,0.481,0.512,0.524,0.481,0.507,0.491,0.499,0.514,0.484,0.493,0.523,0.482,0.519
0.526,0.507,0.49,0.507,0.482,0.478,0.527,0.487,0.532,0.5,0.505,0.478,0.503,0.485,0.518,0.508,0.504,0.493,0.505,0.521,0.512,0.533,0.514,0.534,0.501,0.505,0.487,0.492,0.507,0.462,0.495,0.5,0.542,0.489,0.53,0.486,0.497,0.485,0.506,0.516,0.485,0.494,0.505,0.478,0.501,0.49,0.507,0.484,0.483,0.501,0.529,0.532,0.523,0.525,0.507,0.496,0.483,0.506,0.511,0.487,0.486,0.511,0.523,0.508
0.495,0.514,0.509,0.5,0.492,0.519,0.5,0.497,0.488,0.509,0.502,0.515,0.515,0.524,0.49,0.512,0.508,0.478,0.506,0.492,0.461,0.509,0.457,0.524,0.491,0.479,0.519,0.502,0.467,0.48,0.509,0.498,0.5,0.528,0.485,0.512,0.495,0.494,0.483,0.531,0.484,0.501,0.509,0.492,0.517,0.468,0.477,0.527,0.488,0.511,0.488,0.465,0.5,0.489,0.485,0.505,0.515,0.488,0.495,0.503,0.519,0.478,0.511,0.506
0.479,0.5,0.504,0.493,0.518,0.503,0.482,0.486,0.479,0.491,0.494,0.515,0.514,0.52,0.498,0.496,0.507,0.552,0.512,0.496,0.487,0.531,0.5,0.503,0.494,0.504,0.509,0.525,0.496,0.5,0.511,0.524,0.497,0.481,0.524,0.506,0.499,0.513,0.512,0.494,0.51,0.516,0.491,0.497,0.5,0.486,0.505,0.486,0.506,0.503,0.497,0.512,0.51,0.522,0.514,0.487,0.457,0.494,0.486,0.495,0.495,0.477,0.479,0.519
0.465,0.504,0.513,0.486,0.498,0.518,0.491,0.491,0.504,0.533,0.524,0.512,0.522,0.527,0.505,0.492,0.483,0.499,0.494,0.481,0.505,0.518,0.51,0.51,0.515,0.483,0.53,0.496,0.521,0.502,0.518,0.491,0.474,0.532,0.526,0.528,0.463,0.525,0.518,0.519,0.531,0.508,0.5,0.483,0.51,0.515,0.489,0.481,0.498,0.475,0.485,0.5,0.509,0.489,0.509,0.514,0.49,0.512,0.496,0.482,0.515,0.504,0.52,0.484
0.495,0.498,0.52,0.488,0.497,0.507,0.48,0.483,0.5,0.516,0.5,0.506,0.476,0.522,0.49,0.506,0.534,0.512,0.497,0.519,0.495,0.485,0.478,0.489,0.507,0.486,0.492,0.492,0.495,0.481,0.489,0.49,0.506,0.489,0.511,0.501,0.48,0.482,0.501,0.488,0.505,0.484,0.486,0.526,0.498,0.511,0.5,0.498,0.459,0.504,0.5,0.492,0.497,0.492,0.512,0.502,0.494,0.488,0.492,0.511,0.468,0.488,0.495,0.489
0.474,0.516,0.503,0.52,0.486,0.514,0.483,0.457,0.49,0.482,0.476,0.502,0.5,0.517,0.501,0.505,0.514,0.503,0.499,0.521,0.493,0.493,0.498,0.52,0.49,0.488,0.503,0.496,0.506,0.482,0.495,0.506,0.498,0.509,0.477,0.5,0.529,0.482,0.491,0.516,0.479,0.474,0.513,0.493,0.484,0.516,0.495,0.49,0.476,0.484,0.473,0.508,0.494,0.501,0.52,0.488,0.524,0.498,0.477,0.498,0.504,0.495,0.483,0.498
0.519,0.474,0.507,0.483,0.495,0.507,0.488,0.485,0.473,0.513,0.492,0.499,0.497,0.507,0.488,0.471,0.474,0.485,0.467,0.486,0.494,0.482,0.504,0.514,0.477,0.496,0.483,0.518,0.505,0.493,0.506,0.513,0.491,0.483,0.533,0.519,0.511,0.513,0.499,0.499,0.482,0.49,0.487,0.516,0.5,0.501,0.507,0.499,0.511,0.522,0.471,0.487,0.511,0.484,0.504,0.492,0.491,0.515,0.482,0.507,0.512,0.493,0.522,0.529
0.504,0.507,0.5,0.493,0.505,0.513,0.503,0.501,0.492,0.51,0.499,0.473,0.505,0.503,0.504,0.47,0.502,0.515,0.491,0.503,0.504,0.516,0.534,0.518,0.503,0.499,0.485,0.513,0.479,0.453,0.509,0.505,0.5,0.498,0.491,0.492,0.506,0.491,0.512,0.476,0.498,0.492,0.504,0.508,0.487,0.516,0.497,0.502,0.503,0.494,0.504,0.525,0.474,0.497,0.506,0.514,0.486,0.491,0.48,0.526,0.512,0.51,0.51,0.517
0.5,0.506,0.451,0.518,0.504,0.499,0.508,0.493,0.49,0.489,0.515,0.492,0.483,0.481,0.486,0.496,0.498,0.507,0.506,0.473,0.486,0.483,0.516,0.486,0.506,0.525,0.496,0.483,0.509,0.493,0.511,0.528,0.495,0.484,0.505,0.485,0.483,0.496,0.516,0.516,0.501,0.477,0.507,0.481,0.51,0.503,0.509,0.503,0.497,0.512,0.485,0.495,0.495,0.501,0.484,0.48,0.497,0.502,0.504,0.491,0.491,0.491,0.523,0.489
0.485,0.527,0.508,0.51,0.5,0.503,0.465,0.52,0.51,0.505,0.479,0.519,0.48,0.494,0.498,0.491,0.512,0.498,0.488,0.469,0.498,0.514,0.507,0.489,0.495,0.496,0.525,0.485,0.493,0.539,0.532,0.489,0.527,0.478,0.489,0.492,0.487,0.486,0.512,0.475,0.489,0.519,0.48,0.482,0.53,0.479,0.509,0.507,0.524,0.476,0.499,0.476,0.481,0.495,0.523,0.522,0.51,0.504,0.479,0.485,0.501,0.495,0.528,0.503
0.495,0.516,0.493,0.509,0.506,0.523,0.511,0.497,0.452,0.491,0.519,0.51,0.488,0.486,0.525,0.484,0.513,0.494,0.522,0.462,0.539,0.491,0.512,0.497,0.499,0.497,0.503,0.496,0.478,0.493,0.471,0.499,0.493,0.495,0.506,0.504,0.483,0.5,0.487,0.489,0.498,0.548,0.511,0.494,0.502,0.491,0.507,0.507,0.509,0.521,0.5,0.5,0.502,0.522,0.499,0.484,0.51,0.507,0.482,0.469,0.492,0.488,0.516,0.512
0.501,0.524,0.48,0.487,0.508,0.503,0.505,0.497,0.512,0.514,0.5,0.491,0.473,0.529,0.463,0.535,0.516,0.519,0.471,0.501,0.471,0.51,0.518,0.473,0.511,0.506,0.514,0.495,0.483,0.528,0.491,0.47,0.517,0.471,0.516,0.512,0.483,0.493,0.498,0.509,0.506,0.482,0.476,0.501,0.483,0.534,0.506,0.515,0.506,0.531,0.518,0.487,0.486,0.491,0.514,0.508,0.505,0.506,0.497,0.499,0.521,0.503,0.494,0.488
0.515,0.512,0.482,0.482,0.525,0.488,0.498,0.487,0.471,0.495,0.491,0.502,0.536,0.507,0.459,0.517,0.49,0.497,0.517,0.476,0.512,0.507,0.529,0.493,0.504,0.526,0.503,0.51,0.505,0.519,0.493,0.502,0.495,0.493,0.519,0.483,0.489,0.495,0.477,0.516,0.524,0.535,0.504,0.516,0.496,0.48,0.518,0.491,0.52,0.488,0.51,0.491,0.495,0.461,0.521,0.499,0.494,0.486,0.503,0.508,0.499,0.504,0.491,0.487
0.495,0.518,0.464,0.497,0.526,0.479,0.485,0.494,0.514,0.49,0.499,0.533,0.52,0.511,0.494,0.492,0.52,0.49,0.486,0.472,0.486,0.49,0.488,0.51,0.515,0.524,0.498,0.472,0.498,0.494,0.507,0.493,0.485,0.479,0.504,0.5,0.516,0.508,0.522,0.523,0.534,0.5,0.518,0.502,0.519,0.496,0.518,0.51,0.533,0.507,0.49,0.481,0.482,0.513,0.499,0.512,0.48,0.495,0.507,0.464,0.471,0.501,0.482,0.489
0.514,0.496,0.523,0.513,0.51,0.501,0.484,0.485,0.489,0.501,0.51,0.487,0.486,0.486,0.484,0.511,0.49,0.533,0.514,0.477,0.535,0.499,0.483,0.49,0.486,0.495,0.472,0.473,0.495,0.503,0.531,0.502,0.509,0.5,0.503,0.497,0.52,0.504,0.502,0.482,0.486,0.5,0.493,0.529,0.51,0.498,0.49,0.488,0.488,0.482,0.489,0.518,0.501,0.487,0.492,0.484,0.528,0.491,0.483,0.491,0.5,0.514,0.482,0.509
0.513,0.484,0.496,0.507,0.51,0.5,0.503,0.513,0.507,0.521,0.494,0.47,0.529,0.5,0.491,0.495,0.512,0.502,0.497,0.505,0.503,0.483,0.494,0.471,0.498,0.506,0.481,0.515,0.492,0.481,0.498,0.493,0.485,0.493,0.496,0.519,0.526,0.492,0.52,0.513,0.531,0.506,0.482,0.468,0.506,0.511,0.524,0.481,0.467,0.513,0.468,0.47,0.5,0.525,0.502,0.48,0.52,0.493,0.479,0.494,0.503,0.511,0.495,0.514
0.483,0.473,0.481,0.506,0.497,0.503,0.521,0.507,0.513,0.499,0.48,0.501,0.49,0.514,0.51,0.496,0.502,0.493,0.509,0.475,0.523,0.513,0.509,0.542,0.522,0.501,0.488,0.506,0.494,0.497,0.486,0.503,0.527,0.506,0.494,0.524,0.505,0.497,0.468,0.471,0.491,0.498,0.529,0.481,0.494,0.484,0.501,0.511,0.471,0.499,0.502,0.508,0.52,0.489,0.492,0.511,0.488,0.49,0.497,0.495,0.512,0.483,0.52,0.488
0.496,0.496,0.486,0.505,0.486,0.522,0.484,0.508,0.53,0.491,0.496,0.507,0.509,0.496,0.493,0.499,0.507,0.503,0.487,0.498,0.518,0.517,0.496,0.464,0.464,0.475,0.482,0.508,0.509,0.5,0.508,0.509,0.503,0.507,0.473,0.516,0.482,0.513,0.5,0.523,0.51,0.495,0.494,0.527,0.518,0.512,0.482,0.493,0.485,0.503,0.533,0.495,0.509,0.52,0.474,0.47,0.503,0.495,0.524,0.51,0.537,0.518,0.526,0.494
0.51,0.535,0.517,0.493,0.489,0.514,0.504,0.539,0.486,0.505,0.461,0.489,0.486,0.502,0.524,0.517,0.482,0.508,0.488,0.5,0.489,0.464,0.524,0.491,0.499,0.497,0.48,0.485,0.489,0.504,0.505,0.52,0.465,0.512,0.523,0.519,0.526,0.507,0.499,0.509,0.502,0.481,0.529,0.482,0.516,0.512,0.521,0.475,0.486,0.503,0.483,0.487,0.48,0.494,0.501,0.479,0.487,0.501,0.518,0.489,0.506,0.504,0.498,0.517
0.492,0.516,0.473,0.477,0.537,0.512,0.497,0.508,0.484,0.475,0.494,0.507,0.488,0.509,0.486,0.514,0.493,0.494,0.496,0.482,0.522,0.534,0.472,0.53,0.503,0.517,0.498,0.497,0.505,0.527,0.492,0.496,0.487,0.473,0.494,0.5,0.489,0.495,0.495,0.499,0.5,0.484,0.492,0.496,0.519,0.495,0.472,0.501,0.534,0.508,0.517,0.501,0.523,0.493,0.508,0.49,0.503,0.511,0.499,0.528,0.487,0.472,0.515,0.484
0.499,0.492,0.494,0.511,0.495,0.489,0.498,0.5,0.488,0.506,0.474,0.513,0.487,0.485,0.489,0.529,0.509,0.491,0.509,0.492,0.556,0.49,0.502,0.508,0.505,0.462,0.483,0.461,0.49,0.5,0.481,0.484,0.486,0.519,0.488,0.488,0.494,0.5,0.508,0.483,0.516,0.515,0.506,0.496,0.496,0.485,0.524,0.494,0.497,0.473,0.494,0.506,0.495,0.5,0.521,0.491,0.496,0.497,0.476,0.484,0.48,0.492,0.508,0.486
0.479,0.495,0.494,0.522,0.505,0.52,0.516,0.502,0.5,0.492,0.504,0.498,0.479,0.485,0.474,0.529,0.498,0.501,0.523,0.524,0.486,0.494,0.516,0.517,0.48,0.502,0.526,0.499,0.484,0.503,0.511,0.484,0.491,0.528,0.479,0.497,0.522,0.486,0.49,0.52,0.495,0.491,0.491,0.498,0.527,0.513,0.469,0.502,0.503,0.505,0.493,0.516,0.48,0.513,0.484,0.485,0.512,0.487,0.52,0.508,0.528,0.512,0.518,0.507
0.517,0.489,0.509,0.542,0.488,0.487,0.501,0.49,0.51,0.512,0.491,0.504,0.509,0.493,0.52,0.478,0.507,0.523,0.553,0.49,0.518,0.527,0.499,0.495,0.512,0.498,0.466,0.528,0.492,0.477,0.528,0.502,0.497,0.5,0.495,0.513,0.502,0.507,0.491,0.488,0.519,0.496,0.458,0.528,0.509,0.489,0.515,0.483,0.497,0.518,0.502,0.497,0.49,0.493,0.523,0.492,0.526,0.494,0.501,0.512,0.49,0.509,0.497,0.507
0.503,0.505,0.515,0.506,0.489,0.509,0.514,0.527,0.517,0.491,0.502,0.514,0.49,0.503,0.5,0.519,0.522,0.504,0.498,0.517,0.495,0.495,0.502,0.519,0.504,0.511,0.512,0.493,0.484,0.505,0.512,0.503,0.507,0.498,0.517,0.505,0.509,0.517,0.486,0.49,0.508,0.503,0.474,0.511,0.515,0.503,0.486,0.516,0.531,0.513,0.503,0.47,0.497,0.506,0.466,0.535,0.518,0.513,0.529,0.484,0.493,0.492,0.505,0.506
0.498,0.516,0.506,0.524,0.462,0.51,0.503,0.489,0.502,0.502,0.493,0.505,0.499,0.489,0.481,0.46,0.503,0.498,0.496,0.52,0.493,0.496,0.461,0.514,0.498,0.476,0.497,0.482,0.498,0.49,0.502,0.478,0.518,0.512,0.508,0.501,0.502,0.482,0.503,0.511,0.51,0.489,0.476,0.491,0.503,0.516,0.522,0.489,0.513,0.53,0.503,0.477,0.497,0.52,0.489,0.493,0.504,0.491,0.504,0.486,0.491,0.499,0.474,0.517
0.529,0.507,0.505,0.502,0.5,0.499,0.492,0.513,0.524,0.55,0.514,0.488,0.5,0.526,0.52,0.487,0.489,0.508,0.494,0.469,0.471,0.492,0.473,0.504,0.487,0.49,0.505,0.524,0.479,0.484,0.496,0.507,0.477,0.487,0.498,0.507,0.494,0.51,0.488,0.5,0.492,0.508,0.493,0.452,0.505,0.524,0.494,0.481,0.468,0.482,0.496,0.488,0.488,0.483,0.459,0.49,0.506,0.53,0.485,0.518,0.496,0.487,0.5,0.488
0.504,0.502,0.504,0.535,0.501,0.483,0.504,0.533,0.489,0.533,0.479,0.491,0.486,0.496,0.529,0.517,0.501,0.485,0.469,0.504,0.511,0.518,0.478,0.503,0.472,0.518,0.486,0.478,0.539,0.51,0.518,0.485,0.519,0.499,0.491,0.543,0.494,0.517,0.492,0.514,0.528,0.522,0.519,0.503,0.496,0.478,0.503,0.478,0.507,0.52,0.516,0.507,0.496,0.514,0.5,0.508,0.486,0.507,0.476,0.522,0.482,0.497,0.513,0.507
0.515,0.496,0.475,0.48,0.513,0.509,0.494,0.492,0.494,0.5,0.506,0.511,0.501,0.48,0.514,0.48,0.501,0.496,0.499,0.507,0.5,0.502,0.505,0.478,0.487,0.497,0.519,0.477,0.488,0.496,0.5,0.499,0.498,0.485,0.496,0.498,0.515,0.492,0.519,0.519,0.488,0.498,0.516,0.507,0.504,0.51,0.515,0.488,0.485,0.501,0.509,0.5,0.521,0.506,0.515,0.508,0.515,0.506,0.488,0.486,0.508,0.508,0.507,0.491
0.512,0.506,0.509,0.513,0.494,0.482,0.533,0.512,0.513,0.506,0.482,0.482,0.519,0.489,0.518,0.498,0.5,0.512,0.502,0.473,0.502,0.502,0.504,0.498,0.498,0.515,0.516,0.484,0.509,0.481,0.49,0.527,0.5,0.517,0.501,0.483,0.473,0.511,0.498,0.495,0.525,0.504,0.488,0.493,0.498,0.481,0.514,0.511,0.517,0.498,0.502,0.488,0.484,0.483,0.506,0.479,0.484,0.498,0.488,0.49,0.483,0.511,0.494,0.512
0.515,0.498,0.494,0.501,0.498,0.504,0.486,0.485,0.511,0.501,0.509,0.486,0.476,0.502,0.52,0.485,0.489,0.478,0.502,0.5,0.472,0.522,0.485,0.504,0.482,0.46,0.499,0.483,0.48,0.519,0.53,0.455,0.491,0.482,0.51,0.483,0.483,0.492,0.504,0.511,0.506,0.526,0.514,0.498,0.491,0.483,0.499,0.491,0.5,0.496,0.511,0.494,0.516,0.492,0.476,0.487,0.507,0.519,0.505,0.48,0.526,0.502,0.51,0.495
0.483,0.512,0.516,0.495,0.482,0.505,0.502,0.489,0.491,0.49,0.493,0.483,0.522,0.496,0.473,0.515,0.491,0.477,0.502,0.503,0.492,0.497,0.481,0.486,0.507,0.51,0.511,0.509,0.445,0.494,0.501,0.524,0.491,0.516,0.515,0.487,0.48,0.5,0.467,0.492,0.48,0.512,0.504,0.498,0.524,0.521,0.508,0.506,0.481,0.51,0.521,0.498,0.489,0.506,0.511,0.49,0.498,0.502,0.485,0.523,0.469,0.512,0.524,0.479
0.471,0.514,0.506,0.485,0.503,0.51,0.508,0.525,0.502,0.507,0.489,0.499,0.485,0.513,0.509,0.5,0.488,0.515,0.505,0.498,0.495,0.513,0.526,0.482,0.516,0.485,0.481,0.485,0.484,0.489,0.494,0.517,0.505,0.492,0.495,0.503,0.521,0.527,0.468,0.49,0.482,0.515,0.525,0.512,0.493,0.497,0.485,0.523,0.509,0.489,0.505,0.484,0.494,0.486,0.523,0.487,0.503,0.5,0.509,0.518,0.472,0.462,0.514,0.455
0.493,0.484,0.536,0.486,0.504,0.515,0.49,0.512,0.506,0.504,0.49,0.508,0.512,0.504,0.499,0.496,0.492,0.485,0.48,0.479,0.5,0.481,0.495,0.533,0.493,0.47,0.492,0.472,0.526,0.5,0.5,0.498,0.507,0.505,0.502,0.51,0.528,0.512,0.479,0.483,0.482,0.497,0.52,0.468,0.474,0.523,0.497,0.513,0.488,0.511,0.502,0.508,0.498,0.485,0.499,0.496,0.491,0.51,0.479,0.525,0.488,0.517,0.497,0.483
0.515,0.521,0.486,0.505,0.537,0.491,0.505,0.493,0.507,0.509,0.487,0.496,0.48,0.495,0.493,0.503,0.49,0.51,0.516,0.484,0.515,0.495,0.509,0.515,0.464,0.501,0.505,0.506,0.518,0.532,0.484,0.501,0.473,0.521,0.51,0.501,0.487,0.495,0.491,0.46,0.536,0.473,0.506,0.506,0.503,0.492,0.501,0.51,0.499,0.497,0.498,0.505,0.535,0.519,0.504,0.505,0.502,0.488,0.508,0.474,0.496,0.512,0.483,0.507
0.497,0.499,0.483,0.454,0.508,0.508,0.512,0.506,0.503,0.502,0.484,0.51,0.506,0.492,0.513,0.504,0.512,0.508,0.49,0.502,0.471,0.519,0.516,0.506,0.515,0.5,0.494,0.506,0.512,0.503,0.505,0.493,0.502,0.498,0.478,0.496,0.506,0.5,0.51,0.517,0.479,0.49,0.511,0.499,0.501,0.477,0.485,0.487,0.484,0.497,0.51,0.537,0.519,0.534,0.507,0.486,0.509,0.535,0.514,0.528,0.528,0.509,0.503,0.509
0.512,0.512,0.496,0.464,0.515,0.493,0.486,0.486,0.491,0.477,0.493,0.479,0.499,0.512,0.48,0.511,0.49,0.495,0.499,0.499,0.498,0.47,0.489,0.51,0.483,0.507,0.492,0.502,0.471,0.499,0.498,0.483,0.492,0.5,0.51,0.495,0.491,0.521,0.496,0.497,0.473,0.501,0.52,0.5,0.476,0.493,0.494,0.483,0.527,0.51,0.5,0.501,0.471,0.479,0.493,0.511,0.508,0.491,0.511,0.513,0.501,0.515,0.479,0.479
0.482,0.497,0.49,0.507,0.522,0.512,0.476,0.517,0.501,0.496,0.501,0.523,0.516,0.493,0.494,0.498,0.484,0.498,0.485,0.518,0.501,0.498,0.493,0.492,0.511,0.503,0.512,0.496,0.487,0.482,0.5,0.514,0.511,0.489,0.491,0.491,0.502,0.493,0.517,0.526,0.49,0.509,0.524,0.474,0.488,0.529,0.516,0.489,0.509,0.497,0.5,0.518,0.497,0.501,0.533,0.516,0.496,0.498,0.509,0.503,0.5,0.49,0.516,0.476
0.487,0.484,0.506,0.499,0.523,0.489,0.485,0.515,0.521,0.5,0.498,0.493,0.492,0.474,0.497,0.508,0.519,0.472,0.484,0.484,0.518,0.501,0.508,0.517,0.532,0.529,0.503,0.514,0.506,0.491,0.464,0.504,0.494,0.499,0.5,0.527,0.501,0.495,0.517,0.492,0.492,0.498,0.475,0.482,0.507,0.494,0.477,0.513,0.512,0.529,0.503,0.497,0.505,0.475,0.494,0.504,0.495,0.48,0.491,0.495,0.485,0.516,0.503,0.512
0.491,0.504,0.484,0.502,0.499,0.497,0.473,0.465,0.53,0.498,0.498,0.497,0.49,0.507,0.492,0.499,0.518,0.529,0.492,0.495,0.465,0.464,0.514,0.468,0.514,0.501,0.51,0.522,0.471,0.522,0.49,0.47,0.498,0.537,0.496,0.511,0.505,0.491,0.519,0.507,0.479,0.484,0.538,0.489,0.515,0.478,0.485,0.505,0.506,0.508,0.506,0.5,0.502,0.483,0.512,0.5,0.501,0.488,0.506,0.504,0.477,0.508,0.513,0.486
0.493,0.521,0.475,0.473,0.482,0.506,0.471,0.496,0.506,0.504,0.5,0.509,0.487,0.507,0.508,0.515,0.479,0.503,0.504,0.491,0.495,0.529,0.508,0.496,0.475,0.496,0.459,0.484,0.512,0.524,0.502,0.473,0.512,0.493,0.517,0.49,0.496,0.495,0.499,0.475,0.517,0.487,0.486,0.504,0.496,0.486,0.497,0.517,0.538,0.496,0.51,0.487,0.491,0.482,0.506,0.468,0.499,0.515,0.518,0.51,0.506,0.488,0.528,0.498
0.489,0.514,0.497,0.492,0.509,0.49,0.503,0.497,0.503,0.504,0.504,0.5,0.495,0.502,0.512,0.493,0.539,0.472,0.465,0.526,0.509,0.481,0.502,0.49,0.506,0.511,0.502,0.465,0.476,0.483,0.495,0.491,0.49,0.548,0.472,0.513,0.546,0.491,0.477,0.47,0.517,0.507,0.516,0.489,0.498,0.469,0.494,0.498,0.485,0.505,0.504,0.479,0.474,0.509,0.498,0.519,0.531,0.511,0.518,0.5,0.537,0.486,0.479,0.526
0.494,0.489,0.522,0.519,0.492,0.497,0.502,0.493,0.528,0.467,0.499,0.498,0.501,0.493,0.509,0.506,0.514,0.507,0.504,0.485,0.484,0.524,0.497,0.515,0.486,0.5,0.506,0.505,0.472,0.533,0.498,0.513,0.488,0.491,0.493,0.518,0.501,0.502,0.503,0.446,0.532,0.493,0.483,0.493,0.494,0.52,0.508,0.517,0.484,0.515,0.487,0.523,0.472,0.51,0.483,0.479,0.5,0.509,0.5,0.505,0.524,0.494,0.491,0.504
0.498,0.492,0.526,0.492,0.477,0.48,0.506,0.491,0.509,0.524,0.506,0.504,0.524,0.526,0.512,0.49,0.499,0.476,0.49,0.505,0.492,0.493,0.517,0.51,0.492,0.492,0.492,0.504,0.528,0.507,0.514,0.502,0.514,0.47,0.488,0.471,0.485,0.501,0.514,0.505,0.49,0.502,0.501,0.483,0.47,0.502,0.502,0.487,0.465,0.512,0.477,0.493,0.502,0.52,0.508,0.521,0.51,0.499,0.51,0.5,0.473,0.493,0.527,0.521
0.51,0.523,0.479,0.511,0.516,0.512,0.499,0.502,0.49,0.481,0.528,0.504,0.513,0.505,0.519,0.5,0.497,0.512,0.498,0.498,0.493,0.503,0.508,0.484,0.522,0.511,0.505,0.499,0.489,0.5,0.51,0.503,0.506,0.515,0.514,0.507,0.499,0.482,0.492,0.489,0.503,0.509,0.491,0.474,0.515,0.498,0.517,0.507,0.489,0.509,0.517,0.513,0.488,0.512,0.494,0.522,0.496,0.506,0.506,0.487,0.495,0.484,0.491,0.506
0.505,0.467,0.531,0.485,0.501,0.486,0.485,0.495,0.497,0.502,0.488,0.479,0.502,0.524,0.481,0.493,0.508,0.504,0.529,0.506,0.505,0.53,0.509,0.512,0.49,0.487,0.507,0.498,0.471,0.49,0.514,0.474,0.504,0.519,0.502,0.458,0.501,0.512,0.489,0.505,0.494,0.491,0.491,0.49,0.461,0.509,0.516,0.483,0.494,0.49,0.509,0.504,0.494,0.506,0.486,0.487,0.505,0.501,0.484,0.489,0.485,0.489,0.507,0.506
0.491,0.473,0.492,0.497,0.462,0.528,0.515,0.513,0.503,0.471,0.484,0.514,0.497,0.511,0.482,0.517,0.509,0.479,0.499,0.493,0.503,0.505,0.497,0.474,0.485,0.512,0.499,0.513,0.502,0.525,0.504,0.512,0.492,0.507,0.513,0.493,0.518,0.488,0.476,0.511,0.504,0.51,0.505,0.531,0.482,0.508,0.513,0.516,0.492,0.494,0.506,0.515,0.511,0.493,0.491,0.483,0.501,0.509,0.508,0.49,0.508,0.529,0.513,0.473
0.514,0.525,0.481,0.507,0.494,0.506,0.489,0.516,0.492,0.507,0.474,0.479,0.519,0.477,0.512,0.485,0.521,0.524,0.494,0.489,0.504,0.497,0.527,0.51,0.504,0.508,0.498,0.516,0.473,0.509,0.477,0.516,0.502,0.499,0.505,0.518,0.504,0.512,0.491,0.466,0.479,0.528,0.513,0.497,0.505,0.53,0.503,0.523,0.505,0.465,0.496,0.493,0.496,0.509,0.464,0.479,0.495,0.516,0.515,0.508,0.501,0.521,0.505,0.502
0.494,0.496,0.496,0.489,0.515,0.503,0.51,0.521,0.514,0.505,0.48,0.485,0.525,0.499,0.484,0.523,0.516,0.488,0.498,0.505,0.52,0.499,0.48,0.513,0.52,0.523,0.504,0.479,0.52,0.492,0.521,0.505,0.493,0.505,0.533,0.474,0.481,0.496,0.542,0.522,0.509,0.475,0.502,0.508,0.494,0.54,0.52,0.501,0.491,0.523,0.484,0.499,0.49,0.489,0.517,0.486,0.475,0.489,0.507,0.484,0.489,0.541,0.482,0.482
0.485,0.496,0.492,0.506,0.519,0.486,0.481,0.494,0.482,0.505,0.495,0.51,0.512,0.508,0.499,0.509,0.51,0.493,0.521,0.505,0.475,0.499,0.479,0.466,0.515,0.505,0.474,0.47,0.475,0.508,0.516,0.501,0.505,0.515,0.515,0.516,0.481,0.499,0.495,0.497,0.484,0.503,0.518,0.464,0.5,0.52,0.496,0.502,0.488,0.528,0.503,0.514,0.504,0.516,0.489,0.506,0.515,0.489,0.5,0.471,0.508,0.488,0.493,0.494
0.502,0.512,0.487,0.518,0.491,0.512,0.502,0.477,0.49,0.513,0.505,0.481,0.493,0.529,0.5,0.486,0.498,0.513,0.523,0.507,0.496,0.524,0.48,0.509,0.512,0.489,0.469,0.503,0.498,0.501,0.485,0.493,0.535,0.484,0.501,0.504,0.477,0.523,0.492,0.523,0.502,0.482,0.489,0.53,0.492,0.504,0.51,0.483,0.489,0.497,0.514,0.501,0.489,0.483,0.494,0.493,0.501,0.468,0.523,0.515,0.512,0.484,0.452,0.471
0.507,0.504,0.51,0.496,0.506,0.489,0.485,0.493,0.508,0.481,0.503,0.516,0.515,0.505,0.503,0.48,0.519,0.507,0.521,0.485,0.509,0.502,0.524,0.49,0.516,0.509,0.516,0.5,0.519,0.501,0.496,0.489,0.516,0.513,0.51,0.479,0.51,0.474,0.52,0.488,0.531,0.52,0.524,0.507,0.488,0.504,0.493,0.502,0.495,0.532,0.526,0.514,0.486,0.49,0.5,0.486,0.47,0.463,0.502,0.528,0.478,0.516,0.501,0.508
0.513,0.481,0.503,0.486,0.497,0.493,0.518,0.511,0.477,0.519,0.521,0.476,0.489,0.495,0.493,0.505,0.488,0.495,0.501,0.483,0.496,0.509,0.506,0.5,0.505,0.52,0.513,0.509,0.496,0.492,0.507,0.499,0.514,0.506,0.493,0.503,0.484,0.491,0.502,0.47,0.517,0.499,0.485,0.483,0.486,0.492,0.508,0.484,0.494,0.484,0.531,0.518,0.483,0.477,0.502,0.488,0.498,0.517,0.496,0.5,0.5,0.512,0.51,0.494
0.501,0.505,0.508,0.489,0.494,0.493,0.476,0.488,0.52,0.522,0.52,0.51,0.509,0.525,0.516,0.496,0.49,0.5,0.496,0.489,0.529,0.509,0.491,0.491,0.5,0.509,0.534,0.5,0.511,0.502,0.486,0.51,0.468,0.476,0.507,0.513,0.484,0.517,0.488,0.507,0.492,0.493,0.492,0.516,0.518,0.527,0.498,0.493,0.466,0.528,0.493,0.508,0.455,0.511,0.524,0.499,0.468,0.499,0.51,0.463,0.487,0.501,0.507,0.479
0.499,0.5,0.509,0.51,0.504,0.501,0.488,0.475,0.505,0.507,0.511,0.523,0.492,0.495,0.511,0.477,0.492,0.512,0.485,0.495,0.498,0.493,0.503,0.525,0.475,0.514,0.498,0.467,0.488,0.491,0.446,0.496,0.501,0.468,0.491,0.508,0.511,0.495,0.499,0.509,0.502,0.526,0.506,0.505,0.513,0.516,0.484,0.465,0.486,0.495,0.513,0.511,0.487,0.502,0.496,0.516,0.505,0.499,0.495,0.499,0.527,0.528,0.512,0.485
0.506,0.522,0.501,0.492,0.497,0.49,0.509,0.492,0.524,0.505,0.504,0.496,0.524,0.493,0.491,0.484,0.487,0.525,0.495,0.523,0.48,0.495,0.517,0.499,0.497,0.514,0.525,0.524,0.485,0.5,0.499,0.48,0.482,0.497,0.48,0.483,0.512,0.472,0.493,0.518,0.524,0.526,0.493,0.504,0.477,0.515,0.488,0.512,0.514,0.507,0.483,0.515,0.464,0.506,0.49,0.548,0.512,0.486,0.522,0.483,0.515,0.534,0.484,0.472
0.485,0.537,0.493,0.488,0.521,0.516,0.499,0.487,0.463,0.503,0.488,0.499,0.496,0.506,0.496,0.471,0.486,0.492,0.526,0.495,0.49,0.496,0.476,0.51,0.479,0.496,0.49,0.489,0.468,0.481,0.501,0.483,0.516,0.516,0.482,0.501,0.495,0.495,0.493,0.496,0.495,0.53,0.52,0.487,0.488,0.509,0.497,0.501,0.507,0.5,0.504,0.494,0.491,0.48,0.521,0.515,0.491,0.509,0.48,0.499,0.486,0.499,0.463,0.467
0.475,0.493,0.516,0.51,0.514,0.468,0.491,0.514,0.477,0.488,0.498,0.505,0.471,0.536,0.515,0.499,0.494,0.502,0.503,0.537,0.497,0.516,0.52,0.51,0.489,0.501,0.496,0.505,0.502,0.518,0.513,0.52,0.484,0.53,0.508,0.508,0.466,0.516,0.481,0.507,0.497,0.489,0.478,0.495,0.5,0.522,0.52,0.533,0.482,0.517,0.505,0.503,0.493,0.494,0.504,0.498,0.521,0.52,0.493,0.499,0.51,0.499,0.504,0.49
0.495,0.493,0.501,0.513,0.514,0.506,0.477,0.484,0.507,0.501,0.507,0.475,0.516,0.489,0.505,0.489,0.514,0.511,0.474,0.503,0.516,0.51,0.492,0.512,0.497,0.46,0.486,0.528,0.492,0.497,0.494,0.513,0.502,0.472,0.471,0.52,0.492,0.498,0.501,0.513,0.518,0.466,0.496,0.49,0.501,0.51,0.495,0.487,0.481,0.503,0.469,0.525,0.494,0.467,0.479,0.519,0.503,0.503,0.508,0.518,0.505,0.497,0.515,0.509
0.5,0.493,0.496,0.515,0.506,0.508,0.518,0.499,0.5,0.504,0.455,0.48,0.473,0.505,0.51,0.494,0.524,0.531,0.522,0.483,0.51,0.507,0.502,0.49,0.506,0.454,0.492,0.512,0.51,0.478,0.506,0.496,0.504,0.487,0.477,0.48,0.521,0.509,0.486,0.501,0.498,0.492,0.476,0.49,0.504,0.541,0.521,0.47,0.523,0.502,0.483,0.489,0.484,0.521,0.475,0.513,0.505,0.495,0.513,0.49,0.499,0.493,0.519,0.5
0.519,0.518,0.477,0.503,0.496,0.501,0.499,0.517,0.502,0.525,0.507,0.492,0.506,0.485,0.511,0.509,0.499,0.505,0.481,0.513,0.522,0.513,0.507,0.498,0.484,0.5,0.495,0.503,0.531,0.494,0.512,0.5,0.514,0.512,0.474,0.509,0.498,0.525,0.506,0.499,0.491,0.5,0.538,0.478,0.5,0.513,0.487,0.502,0.509,0.487,0.495,0.492,0.472,0.489,0.498,0.485,0.491,0.498,0.5,0.489,0.47,0.494,0.499,0.507
0.506,0.524,0.477,0.506,0.492,0.471,0.478,0.504,0.506,0.475,0.52,0.482,0.475,0.485,0.492,0.487,0.522,0.51,0.489,0.492,0.506,0.524,0.488,0.497,0.523,0.481,0.498,0.507,0.501,0.504,0.514,0.498,0.493,0.51,0.496,0.485,0.506,0.478,0.495,0.492,0.49,0.516,0.488,0.489,0.48,0.491,0.521,0.474,0.489,0.509,0.489,0.531,0.505,0.494,0.514,0.479,0.483,0.476,0.525,0.497,0.466,0.485,0.526,0.505
0.517,0.509,0.518,0.487,0.511,0.503,0.485,0.495,0.498,0.48,0.525,0.495,0.474,0.5,0.496,0.521,0.519,0.495,0.526,0.505,0.503,0.519,0.523,0.493,0.475,0.494,0.525,0.504,0.5,0.493,0.501,0.501,0.511,0.48,0.509,0.46,0.502,0.506,0.461,0.5,0.514,0.511,0.524,0.5,0.474,0.509,0.49,0.476,0.48,0.492,0.496,0.493,0.519,0.487,0.487,0.505,0.465,0.508,0.498,0.508,0.5,0.49,0.483,0.514
0.504,0.497,0.506,0.506,0.507,0.518,0.485,0.482,0.499,0.521,0.51,0.512,0.523,0.484,0.517,0.493,0.518,0.505,0.481,0.495,0.492,0.502,0.52,0.514,0.499,0.479,0.511,0.524,0.522,0.499,0.505,0.536,0.494,0.496,0.477,0.501,0.503,0.483,0.517,0.468,0.495,0.504,0.499,0.492,0.497,0.542,0.512,0.518,0.517,0.521,0.504,0.5,0.513,0.485,0.506,0.503,0.515,0.523,0.491,0.504,0.491,0.509,0.502,0.516
0.484,0.473,0.486,0.511,0.492,0.495,0.506,0.479,0.511,0.478,0.522,0.496,0.502,0.499,0.49,0.494,0.496,0.501,0.507,0.479,0.501,0.475,0.501,0.517,0.528,0.495,0.497,0.475,0.506,0.5,0.48,0.484,0.502,0.513,0.507,0.539,0.506,0.506,0.49,0.5,0.496,0.497,0.506,0.519,0.491,0.483,0.505,0.47,0.493,0.479,0.518,0.488,0.525,0.518,0.493,0.529,0.516,0.492,0.516,0.505,0.48,0.506,0.512,0.486
0.514,0.53,0.516,0.481,0.507,0.502,0.485,0.518,0.478,0.492,0.459,0.539,0.504,0.468,0.484,0.508,0.489,0.509,0.508,0.504,0.486,0.528,0.504,0.489,0.531,0.489,0.487,0.516,0.492,0.502,0.505,0.532,0.508,0.502,0.515,0.478,0.506,0.482,0.519,0.5,0.506,0.507,0.515,0.496,0.483,0.489,0.523,0.5,0.493,0.524,0.498,0.508,0.498,0.514,0.488,0.499,0.517,0.494,0.521,0.497,0.526,0.498,0.534,0.494
0.513,0.517,0.496,0.499,0.533,0.474,0.496,0.501,0.505,0.487,0.506,0.495,0.504,0.512,0.511,0.514,0.491,0.52,0.52,0.494,0.505,0.501,0.458,0.504,0.494,0.506,0.482,0.521,0.486,0.481,0.478,0.504,0.515,0.486,0.508,0.509,0.519,0.486,0.479,0.508,0.523,0.485,0.494,0.492,0.48,0.503,0.505,0.499,0.503,0.516,0.513,0.505,0.479,0.504,0.494,0.529,0.51,0.493,0.514,0.474,0.497,0.533,0.508,0.51
0.497,0.494,0.502,0.504,0.503,0.49,0.458,0.483,0.474,0.516,0.508,0.503,0.512,0.493,0.49,0.514,0.53,0.469,0.478,0.491,0.478,0.488,0.518,0.527,0.499,0.491,0.502,0.472,0.487,0.494,0.46,0.492,0.487,0.49,0.484,0.482,0.462,0.492,0.485,0.528,0.498,0.508,0.505,0.491,0.498,0.483,0.483,0.506,0.498,0.497,0.493,0.504,0.491,0.489,0.489,0.477,0.51,0.498,0.513,0.518,0.508,0.519,0.485,0.497
0.5,0.528,0.51,0.507,0.503,0.505,0.468,0.5,0.481,0.483,0.485,0.462,0.496,0.471,0.493,0.515,0.503,0.489,0.523,0.517,0.512,0.512,0.514,0.478,0.491,0.501,0.505,0.496,0.491,0.523,0.51,0.501,0.499,0.502,0.484,0.473,0.482,0.522,0.524,0.495,0.504,0.501,0.5,0.506,0.498,0.526,0.502,0.492,0.501,0.516,0.479,0.5,0.504,0.51,0.501,0.526,0.527,0.519,0.493,0.476,0.508,0.482,0.475,0.501
0.525,0.51,0.512,0.507,0.511,0.48,0.488,0.496,0.518,0.486,0.471,0.472,0.51,0.512,0.52,0.507,0.499,0.499,0.496,0.511,0.491,0.466,0.494,0.492,0.513,0.495,0.506,0.498,0.499,0.515,0.492,0.482,0.512,0.493,0.502,0.518,0.499,0.498,0.497,0.491,0.493,0.505,0.5,0.517,0.518,0.493,0.528,0.504,0.486,0.495,0.524,0.491,0.467,0.5,0.471,0.523,0.487,0.502,0.486,0.488,0.497,0.501,0.539,0.5
0.496,0.505,0.513,0.514,0.499,0.514,0.507,0.524,0.505,0.512,0.5,0.514,0.5,0.467,0.493,0.509,0.536,0.505,0.492,0.506,0.515,0.491,0.53,0.51,0.481,0.515,0.521,0.501,0.511,0.494,0.479,0.504,0.483,0.511,0.507,0.499,0.504,0.506,0.478,0.499,0.524,0.491,0.506,0.524,0.5,0.474,0.49,0.543,0.502,0.512,0.496,0.492,0.494,0.499,0.497,0.499,0.487,0.472,0.48,0.5,0.483,0.518,0.5,0.519
0.504,0.483,0.52,0.511,0.465,0.479,0.5,0.519,0.494,0.488,0.501,0.507,0.5,0.505,0.481,0.534,0.518,0.513,0.469,0.527,0.519,0.518,0.526,0.49,0.5,0.496,0.481,0.511,0.498,0.509,0.507,0.505,0.5,0.476,0.503,0.521,0.511,0.493,0.483,0.5,0.489,0.506,0.517,0.492,0.502,0.514,0.517,0.49,0.513,0.473,0.497,0.51,0.529,0.481,0.487,0.512,0.481,0.508,0.494,0.483,0.487,0.511,0.504,0.49
0.515,0.534,0.521,0.503,0.484,0.496,0.509,0.5,0.54,0.51,0.462,0.512,0.51,0.478,0.529,0.518,0.474,0.493,0.502,0.496,0.465,0.494,0.498,0.473,0.502,0.505,0.494,0.49,0.489,0.509,0.536,0.517,0.505,0.478,0.51,0.512,0.503,0.487,0.49,0.504,0.482,0.541,0.502,0.503,0.514,0.497,0.52,0.509,0.506,0.473,0.497,0.502,0.511,0.479,0.507,0.484,0.485,0.494,0.497,0.507,0.505,0.513,0.492,0.507
0.503,0.519,0.488,0.476,0.494,0.499,0.505,0.49,0.497,0.518,0.517,0.503,0.491,0.532,0.502,0.508,0.507,0.497,0.479,0.524,0.505,0.482,0.506,0.511,0.514,0.508,0.485,0.485,0.483,0.494,0.515,0.511,0.495,0.496,0.476,0.48,0.484,0.492,0.491,0.484,0.513,0.513,0.492,0.511,0.501,0.503,0.514,0.489,0.501,0.52,0.498,0.5,0.487,0.511,0.495,0.475,0.496,0.517,0.517,0.491,0.517,0.484,0.501,0.49
0.485,0.515,0.496,0.494,0.499,0.506,0.495,0.495,0.482,0.516,0.474,0.484,0.501,0.499,0.502,0.523,0.483,0.49,0.494,0.477,0.496,0.5,0.506,0.512,0.502,0.475,0.509,0.486,0.529,0.504,0.52,0.497,0.515,0.524,0.491,0.501,0.463,0.466,0.498,0.496,0.531,0.517,0.489,0.508,0.502,0.525,0.505,0.5,0.499,0.516,0.486,0.486,0.458,0.51,0.5,0.512,0.499,0.488,0.503,0.51,0.519,0.498,0.506,0.533
0.489,0.478,0.501,0.493,0.506,0.499,0.508,0.504,0.52,0.498,0.487,0.508,0.519,0.509,0.509,0.508,0.492,0.505,0.515,0.503,0.528,0.527,0.489,0.465,0.474,0.496,0.507,0.521,0.493,0.521,0.496,0.487,0.485,0.479,0.509,0.516,0.476,0.507,0.51,0.491,0.464,0.543,0.494,0.525,0.481,0.504,0.514,0.51,0.505,0.492,0.48,0.493,0.517,0.494,0.49,0.501,0.467,0.521,0.501,0.514,0.495,0.471,0.493,0.5
0.518,0.512,0.488,0.486,0.516,0.472,0.5,0.511,0.479,0.478,0.493,0.503,0.497,0.461,0.5,0.496,0.483,0.487,0.509,0.502,0.51,0.502,0.516,0.498,0.5,0.506,0.521,0.515,0.479,0.494,0.489,0.506,0.5,0.479,0.49,0.505,0.519,0.518,0.501,0.534,0.53,0.483,0.523,0.504,0.505,0.509,0.509,0.523,0.495,0.506,0.485,0.486,0.476,0.511,0.494,0.495,0.513,0.496,0.47,0.511,0.492,0.499,0.496,0.502
0.512,0.512,0.48,0.489,0.506,0.538,0.497,0.501,0.517,0.478,0.479,0.495,0.5,0.515,0.488,0.499,0.517,0.524,0.518,0.525,0.5,0.509,0.525,0.499,0.502,0.487,0.501,0.502,0.509,0.506,0.507,0.495,0.5,0.497,0.509,0.505,0.518,0.518,0.496,0.522,0.514,0.52,0.504,0.498,0.486,0.512,0.499,0.487,0.48,0.521,0.481,0.473,0.491,0.495,0.483,0.519,0.447,0.489,0.469,0.513,0.49,0.488,0.516,0.495
0.461,0.504,0.506,0.518,0.476,0.496,0.47,0.494,0.524,0.505,0.476,0.514,0.52,0.504,0.513,0.543,0.489,0.507,0.526,0.468,0.489,0.485,0.509,0.526,0.508,0.477,0.524,0.49,0.525,0.504,0.501,0.496,0.474,0.484,0.51,0.49,0.505,0.504,0.507,0.498,0.498,0.527,0.516,0.485,0.482,0.458,0.491,0.503,0.499,0.529,0.488,0.486,0.516,0.502,0.48,0.472,0.504,0.497,0.501,0.498,0.51,0.506,0.552,0.489
0.501,0.512,0.485,0.525,0.501,0.498,0.526,0.514,0.518,0.503,0.521,0.474,0.49,0.502,0.502,0.524,0.498,0.49,0.485,0.499,0.521,0.511,0.508,0.494,0.506,0.508,0.513,0.508,0.505,0.501,0.492,0.507,0.495,0.504,0.51,0.475,0.481,0.499,0.506,0.521,0.488,0.46,0.512,0.502,0.487,0.51,0.498,0.492,0.518,0.505,0.488,0.507,0.507,0.518,0.508,0.507,0.514,0.53,0.501,0.491,0.487,0.529,0.501,0.527
0.492,0.497,0.492,0.518,0.519,0.531,0.515,0.472,0.505,0.498,0.509,0.505,0.498,0.509,0.484,0.514,0.507,0.491,0.529,0.506,0.507,0.48,0.517,0.479,0.508,0.5,0.479,0.467,0.499,0.488,0.504,0.499,0.498,0.505,0.488,0.51,0.495,0.501,0.485,0.497,0.523,0.512,0.484,0.517,0.507,0.519,0.479,0.498,0.531,0.519,0.499,0.522,0.51,0.501,0.515,0.52,0.529,0.515,0.51,0.497,0.474,0.499,0.515,0.479
0.495,0.519,0.511,0.511,0.513,0.487,0.494,0.499,0.489,0.507,0.503,0.505,0.489,0.497,0.5,0.488,0.5,0.512,0.495,0.481,0.506,0.503,0.481,0.517,0.512,0.473,0.481,0.505,0.531,0.531,0.471,0.489,0.528,0.515,0.49,0.499,0.508,0.502,0.495,0.492,0.51,0.478,0.493,0.498,0.489,0.503,0.514,0.476,0.501,0.491,0.48,0.485,0.521,0.502,0.509,0.513,0.507,0.503,0.496,0.508,0.495,0.498,0.522,0.472
0.505,0.518,0.508,0.512,0.488,0.489,0.474,0.485,0.506,0.508,0.518,0.515,0.489,0.497,0.491,0.492,0.482,0.507,0.49,0.477,0.532,0.507,0.508,0.514,0.505,0.516,0.5,0.527,0.482,0.517,0.502,0.511,0.491,0.52,0.5,0.521,0.508,0.489,0.528,0.5,0.516,0.497,0.499,0.507,0.505,0.478,0.535,0.469,0.476,0.462,0.485,0.489,0.474,0.487,0.504,0.504,0.486,0.491,0.474,0.456,0.517,0.489,0.512,0.501
0.494,0.491,0.5,0.487,0.527,0.493,0.496,0.509,0.518,0.506,0.494,0.507,0.507,0.505,0.52,0.494,0.51,0.483,0.504,0.513,0.519,0.487,0.49,0.493,0.479,0.496,0.498,0.508,0.481,0.509,0.49,0.509,0.493,0.486,0.497,0.472,0.485,0.503,0.495,0.481,0.501,0.495,0.481,0.523,0.503,0.494,0.473,0.493,0.502,0.505,0.528,0.52,0.493,0.508,0.509,0.496,0.524,0.518,0.503,0.497,0.468,0.504,0.512,0.498
0.511,0.484,0.503,0.478,0.519,0.519,0.458,0.475,0.49,0.488,0.489,0.523,0.503,0.487,0.489,0.479,0.481,0.495,0.5,0.525,0.492,0.508,0.487,0.487,0.489,0.527,0.518,0.502,0.501,0.498,0.494,0.513,0.476,0.484,0.507,0.469,0.513,0.487,0.498,0.519,0.48,0.511,0.518,0.51,0.49,0.481,0.479,0.5,0.499,0.52,0.487,0.465,0.531,0.498,0.486,0.507,0.482,0.486,0.495,0.489,0.505,0.513,0.476,0.491
0.507,0.498,0.511,0.504,0.499,0.485,0.491,0.477,0.513,0.476,0.519,0.489,0.474,0.465,0.505,0.499,0.484,0.495,0.51,0.491,0.475,0.51,0.497,0.485,0.495,0.508,0.485,0.491,0.506,0.51,0.498,0.513,0.469,0.5,0.492,0.501,0.488,0.523,0.498,0.482,0.479,0.495,0.492,0.518,0.508,0.48,0.489,0.506,0.493,0.477,0.498,0.518,0.486,0.502,0.492,0.481,0.51,0.499,0.519,0.499,0.487,0.511,0.502,0.521
0.52,0.506,0.517,0.513,0.507,0.492,0.497,0.499,0.484,0.502,0.508,0.52,0.478,0.493,0.489,0.494,0.494,0.49,0.531,0.522,0.503,0.484,0.487,0.503,0.491,0.477,0.49,0.482,0.505,0.498,0.531,0.52,0.495,0.503,0.49,0.504,0.499,0.493,0.495,0.491,0.501,0.481,0.519,0.494,0.517,0.521,0.485,0.509,0.535,0.484,0.503,0.469,0.515,0.489,0.5,0.534,0.494,0.517,0.494,0.47,0.487,0.53,0.501,0.511
0.508,0.52,0.49,0.485,0.504,0.462,0.504,0.475,0.494,0.518,0.471,0.514,0.484,0.508,0.496,0.498,0.491,0.51,0.494,0.497,0.462,0.512,0.52,0.482,0.491,0.501,0.481,0.512,0.486,0.526,0.484,0.483,0.483,0.524,0.497,0.498,0.478,0.517,0.51,0.508,0.531,0.526,0.523,0.498,0.482,0.502,0.495,0.511,0.517,0.468,0.487,0.492,0.511,0.492,0.501,0.499,0.523,0.505,0.525,0.496,0.527,0.49,0.523,0.503
0.529,0.496,0.517,0.508,0.495,0.52,0.508,0.516,0.471,0.486,0.494,0.483,0.504,0.487,0.486,0.498,0.496,0.483,0.51,0.479,0.488,0.5,0.498,0.51,0.486,0.515,0.507,0.512,0.508,0.491,0.485,0.517,0.509,0.505,0.5,0.509,0.508,0.527,0.503,0.507,0.481,0.493,0.497,0.48,0.501,0.493,0.504,0.49,0.472,0.514,0.531,0.504,0.473,0.518,0.48,0.525,0.505,0.499,0.496,0.512,0.512,0.495,0.516,0.479
0.5,0.512,0.501,0.535,0.521,0.505,0.509,0.483,0.496,0.499,0.505,0.512,0.483,0.522,0.487,0.49,0.547,0.481,0.51,0.521,0.508,0.492,0.497,0.518,0.514,0.517,0.497,0.495,0.526,0.499,0.51,0.493,0.519,0.49,0.492,0.503,0.495,0.531,0.484,0.508,0.511,0.506,0.477,0.475,0.489,0.482,0.498,0.493,0.532,0.493,0.51,0.53,0.516,0.486,0.498,0.501,0.491,0.505,0.511,0.516,0.476,0.507,0.497,0.53
0.501,0.533,0.504,0.497,0.499,0.499,0.528,0.489,0.471,0.489,0.496,0.492,0.497,0.493,0.498,0.512,0.514,0.488,0.504,0.489,0.557,0.47,0.489,0.497,0.499,0.502,0.505,0.51,0.485,0.525,0.497,0.486,0.555,0.49,0.483,0.528,0.497,0.51,0.502,0.512,0.504,0.489,0.524,0.49,0.501,0.505,0.519,0.501,0.493,0.494,0.503,0.48,0.494,0.487,0.487,0.519,0.498,0.479,0.518,0.52,0.497,0.495,0.524,0.472
0.504,0.481,0.512,0.527,0.497,0.496,0.508,0.477,0.488,0.512,0.501,0.503,0.531,0.477,0.517,0.486,0.521,0.489,0.475,0.485,0.466,0.469,0.508,0.494,0.516,0.492,0.494,0.484,0.513,0.507,0.517,0.512,0.491,0.523,0.475,0.469,0.502,0.49,0.515,0.498,0.505,0.501,0.487,0.499,0.515,0.502,0.504,0.512,0.478,0.502,0.507,0.504,0.489,0.478,0.514,0.508,0.513,0.487,0.496,0.491,0.498,0.486,0.498,0.519
0.526,0.53,0.479,0.504,0.523,0.504,0.498,0.523,0.497,0.505,0.501,0.488,0.468,0.471,0.502,0.51,0.496,0.483,0.526,0.504,0.52,0.511,0.502,0.476,0.519,0.497,0.482,0.502,0.49,0.521,0.493,0.504,0.5,0.516,0.518,0.472,0.525,0.505,0.492,0.501,0.502,0.529,0.475,0.472,0.47,0.509,0.541,0.501,0.5,0.534,0.504,0.491,0.494,0.506,0.517,0.496,0.518,0.491,0.482,0.505,0.506,0.514,0.468,0.494
0.506,0.518,0.499,0.493,0.503,0.511,0.481,0.5,0.511,0.484,0.501,0.507,0.485,0.501,0.496,0.486,0.5,0.507,0.491,0.507,0.541,0.515,0.481,0.486,0.486,0.519,0.492,0.509,0.512,0.514,0.507,0.498,0.487,0.524,0.49,0.498,0.51,0.504,0.509,0.504,0.484,0.518,0.514,0.483,0.484,0.496,0.494,0.512,0.524,0.474,0.458,0.505,0.487,0.485,0.489,0.493,0.521,0.526,0.509,0.498,0.522,0.531,0.483,0.493
0.521,0.506,0.491,0.491,0.499,0.519,0.466,0.49,0.503,0.481,0.512,0.494,0.508,0.497,0.508,0.519,0.504,0.491,0.505,0.485,0.504,0.5,0.516,0.493,0.514,0.492,0.502,0.494,0.472,0.49,0.507,0.531,0.496,0.486,0.486,0.503,0.48,0.516,0.53,0.49,0.499,0.506,0.503,0.512,0.493,0.492,0.507,0.511,0.497,0.499,0.498,0.484,0.484,0.503,0.467,0.534,0.526,0.498,0.529,0.471,0.51,0.517,0.507,0.495
0.5,0.476,0.494,0.503,0.493,0.506,0.475,0.528,0.492,0.498,0.471,0.482,0.51,0.478,0.497,0.497,0.497,0.492,0.526,0.501,0.487,0.498,0.479,0.506,0.494,0.495,0.487,0.506,0.524,0.508,0.503,0.482,0.526,0.529,0.507,0.485,0.478,0.512,0.505,0.521,0.486,0.467,0.479,0.513,0.487,0.504,0.491,0.489,0.506,0.491,0.514,0.511,0.505,0.473,0.495,0.52,0.523,0.49,0.482,0.521,0.534,0.497,0.486,0.507
0.485,0.52,0.481,0.473,0.507,0.52,0.514,0.466,0.504,0.487,0.49,0.529,0.51,0.52,0.521,0.514,0.497,0.488,0.523,0.498,0.497,0.479,0.502,0.489,0.512,0.479,0.469,0.506,0.502,0.505,0.517,0.495,0.516,0.515,0.517,0.494,0.498,0.495,0.519,0.517,0.489,0.511,0.499,0.487,0.504,0.507,0.502,0.504,0.487,0.512,0.498,0.512,0.537,0.495,0.479,0.477,0.513,0.491,0.525,0.508,0.499,0.482,0.53,0.494
0.487,0.507,0.517,0.496,0.511,0.508,0.485,0.509,0.49,0.485,0.497,0.494,0.496,0.518,0.505,0.494,0.474,0.484,0.506,0.504,0.478,0.488,0.473,0.481,0.517,0.472,0.482,0.508,0.536,0.524,0.502,0.488,0.506,0.482,0.495,0.519,0.527,0.507,0.507,0.519,0.497,0.482,0.524,0.514,0.517,0.504,0.503,0.497,0.516,0.478,0.484,0.495,0.502,0.488,0.512,0.482,0.51,0.494,0.482,0.479,0.518,0.506,0.476,0.531
0.469,0.514,0.481,0.482,0.487,0.508,0.488,0.49,0.497,0.506,0.482,0.504,0.498,0.52,0.517,0.494,0.466,0.499,0.514,0.499,0.475,0.527,0.488,0.518,0.517,0.517,0.506,0.496,0.482,0.506,0.474,0.479,0.504,0.524,0.503,0.505,0.473,0.546,0.523,0.485,0.514,0.508,0.501,0.474,0.48,0.495,0.513,0.493,0.515,0.509,0.488,0.501,0.508,0.504,0.472,0.52,0.487,0.515,0.522,0.468,0.513,0.517,0.487,0.489
0.492,0.501,0.484,0.505,0.504,0.499,0.494,0.498,0.516,0.498,0.49,0.495,0.495,0.488,0.532,0.432,0.515,0.486,0.524,0.509,0.529,0.493,0.501,0.504,0.494,0.492,0.486,0.49,0.51,0.486,0.523,0.517,0.489,0.492,0.483,0.504,0.479,0.485,0.494,0.513,0.501,0.501,0.506,0.49,0.481,0.515,0.51,0.492,0.492,0.519,0.5,0.495,0.513,0.488,0.49,0.483,0.468,0.516,0.494,0.507,0.504,0.507,0.494,0.534
0.523,0.509,0.499,0.489,0.499,0.494,0.482,0.459,0.493,0.476,0.505,0.498,0.489,0.493,0.511,0.513,0.494,0.505,0.496,0.487,0.499,0.499,0.489,0.524,0.5,0.499,0.484,0.526,0.504,0.535,0.52,0.497,0.473,0.541,0.518,0.523,0.497,0.493,0.514,0.498,0.499,0.506,0.484,0.512,0.54,0.505,0.501,0.521,0.512,0.499,0.531,0.503,0.488,0.514,0.478,0.5,0.501,0.479,0.485,0.536,0.522,0.512,0.508,0.521
0.518,0.504,0.511,0.506,0.502,0.498,0.508,0.509,0.49,0.493,0.505,0.467,0.492,0.506,0.498,0.481,0.522,0.508,0.497,0.495,0.489,0.506,0.51,0.511,0.524,0.5,0.524,0.517,0.488,0.497,0.475,0.493,0.503,0.505,0.491,0.51,0.515,0.507,0.511,0.524,0.47,0.523,0.516,0.5,0.507,0.476,0.535,0.479,0.501,0.497,0.485,0.495,0.483,0.494,0.528,0.494,0.492,0.495,0.509,0.49,0.527,0.498,0.477,0.465
0.506,0.537,0.511,0.516,0.495,0.49,0.497,0.495,0.506,0.492,0.492,0.486,0.502,0.481,0.512,0.495,0.53,0.519,0.516,0.52,0.511,0.538,0.519,0.478,0.511,0.506,0.491,0.513,0.511,0.525,0.507,0.497,0.487,0.507,0.498,0.508,0.516,0.51,0.495,0.483,0.484,0.508,0.461,0.489,0.512,0.519,0.502,0.485,0.49,0.541,0.49,0.505,0.518,0.496,0.522,0.488,0.533,0.488,0.497,0.512,0.522,0.494,0.492,0.508
0.491,0.493,0.512,0.497,0.502,0.489,0.512,0.492,0.503,0.518,0.495,0.499,0.514,0.465,0.505,0.527,0.508,0.54,0.496,0.485,0.49,0.539,0.517,0.473,0.516,0.523,0.531,0.534,0.493,0.519,0.506,0.514,0.522,0.498,0.483,0.495,0.503,0.487,0.496,0.508,0.489,0.482,0.475,0.488,0.504,0.48,0.492,0.479,0.498,0.474,0.483,0.491,0.474,0.477,0.493,0.498,0.494,0.502,0.478,0.511,0.502,0.5,0.494,0.504
0.494,0.464,0.489,0.496,0.487,0.499,0.481,0.52,0.511,0.511,0.521,0.488,0.489,0.532,0.52,0.498,0.497,0.517,0.477,0.522,0.512,0.498,0.481,0.497,0.519,0.498,0.489,0.519,0.529,0.502,0.522,0.502,0.506,0.494,0.469,0.492,0.491,0.497,0.514,0.483,0.482,0.52,0.511,0.485,0.523,0.493,0.478,0.479,0.506,0.476,0.497,0.5,0.497,0.519,0.495,0.5,0.485,0.524,0.526,0.505,0.473,0.511,0.507,0.522
0.533,0.511,0.498,0.518,0.52,0.479,0.482,0.499,0.488,0.504,0.476,0.5,0.495,0.526,0.508,0.492,0.514,0.505,0.472,0.502,0.504,0.482,0.489,0.524,0.51,0.497,0.465,0.492,0.504,0.508,0.503,0.517,0.527,0.517,0.473,0.508,0.468,0.515,0.496,0.526,0.528,0.478,0.478,0.486,0.489,0.486,0.501,0.503,0.523,0.507,0.485,0.463,0.487,0.496,0.505,0.496,0.486,0.524,0.509,0.49,0.515,0.507,0.508,0.473
0.477,0.513,0.496,0.493,0.522,0.499,0.516,0.484,0.509,0.5,0.478,0.484,0.491,0.473,0.487,0.48,0.481,0.49,0.515,0.495,0.526,0.464,0.488,0.508,0.486,0.507,0.479,0.495,0.528,0.513,0.493,0.515,0.495,0.508,0.494,0.503,0.498,0.518,0.494,0.504,0.525,0.473,0.506,0.519,0.504,0.505,0.515,0.479,0.505,0.503,0.502,0.518,0.52,0.513,0.502,0.49,0.503,0.489,0.513,0.474,0.489,0.503,0.518,0.489
0.542,0.472,0.498,0.489,0.51,0.497,0.491,0.48,0.508,0.476,0.462,0.486,0.526,0.506,0.531,0.493,0.499,0.483,0.491,0.495,0.524,0.511,0.489,0.489,0.456,0.509,0.526,0.51,0.49,0.512,0.501,0.497,0.477,0.518,0.53,0.494,0.499,0.511,0.5,0.528,0.52,0.5,0.495,0.485,0.468,0.531,0.49,0.501,0.46,0.519,0.507,0.497,0.487,0.495,0.512,0.507,0.534,0.475,0.521,0.469,0.522,0.512,0.483,0.499
0.516,0.507,0.509,0.511,0.481,0.473,0.513,0.502,0.49,0.491,0.489,0.494,0.493,0.524,0.491,0.499,0.486,0.506,0.505,0.5,0.507,0.502,0.502,0.52,0.482,0.498,0.481,0.475,0.504,0.515,0.491,0.475,0.467,0.499,0.507,0.524,0.478,0.468,0.487,0.509,0.51,0.489,0.47,0.52,0.506,0.484,0.487,0.526,0.515,0.527,0.502,0.505,0.479,0.484,0.483,0.487,0.476,0.513,0.496,0.499,0.486,0.528,0.475,0.507
0.493,0.494,0.49,0.501,0.532,0.521,0.514,0.501,0.474,0.493,0.511,0.483,0.495,0.508,0.504,0.495,0.509,0.504,0.505,0.519,0.51,0.519,0.505,0.47,0.496,0.505,0.48,0.482,0.508,0.517,0.464,0.515,0.482,0.506,0.499,0.488,0.488,0.517,0.488,0.486,0.507,0.508,0.559,0.539,0.509,0.504,0.51,0.5,0.505,0.52,0.511,0.492,0.487,0.502,0.469,0.495,0.474,0.501,0.486,0.479,0.518,0.495,0.506,0.525
0.493,0.519,0.495,0.525,0.505,0.499,0.502,0.507,0.489,0.492,0.512,0.505,0.494,0.494,0.508,0.511,0.47,0.48,0.503,0.501,0.491,0.503,0.505,0.48,0.503,0.524,0.499,0.514,0.491,0.495,0.524,0.506,0.495,0.479,0.506,0.472,0.479,0.5,0.494,0.492,0.486,0.501,0.545,0.506,0.498,0.483,0.476,0.502,0.506,0.523,0.484,0.492,0.498,0.469,0.493,0.507,0.494,0.493,0.485,0.514,0.514,0.512,0.498,0.469
0.515,0.475,0.507,0.51,0.53,0.489,0.502,0.497,0.483,0.509,0.5,0.484,0.512,0.473,0.497,0.5,0.492,0.52,0.508,0.482,0.498,0.538,0.491,0.491,0.504,0.507,0.485,0.493,0.491,0.497,0.54,0.493,0.512,0.499,0.514,0.503,0.503,0.505,0.508,0.506,0.5,0.497,0.47,0.527,0.517,0.535,0.508,0.487,0.533,0.514,0.492,0.496,0.503,0.496,0.512,0.511,0.525,0.497,0.508,0.508,0.487,0.488,0.465,0.508
0.491,0.504,0.49,0.503,0.491,0.465,0.515,0.493,0.513,0.506,0.492,0.527,0.515,0.511,0.485,0.483,0.507,0.473,0.492,0.489,0.486,0.503,0.51,0.48,0.493,0.506,0.52,0.511,0.501,0.496,0.5,0.513,0.476,0.505,0.512,0.511,0.51,0.501,0.496,0.493,0.498,0.496,0.517,0.506,0.515,0.499,0.506,0.524,0.489,0.472,0.486,0.515,0.512,0.497,0.521,0.51,0.481,0.522,0.484,0.494,0.476,0.5,0.478,0.503
0.5,0.47,0.466,0.498,0.496,0.475,0.495,0.489,0.485,0.479,0.518,0.514,0.491,0.525,0.51,0.482,0.535,0.486,0.494,0.496,0.479,0.475,0.472,0.487,0.496,0.485,0.481,0.505,0.514,0.484,0.482,0.515,0.496,0.506,0.502,0.486,0.499,0.517,0.504,0.485,0.497,0.533,0.5,0.49,0.501,0.489,0.533,0.51,0.493,0.503,0.497,0.507,0.482,0.517,0.51,0.492,0.491,0.503,0.5,0.506,0.508,0.518,0.503,0.513
0.5,0.504,0.456,0.496,0.505,0.494,0.492,0.516,0.498,0.506,0.506,0.505,0.512,0.476,0.518,0.511,0.517,0.473,0.502,0.493,0.496,0.518,0.498,0.498,0.489,0.47,0.477,0.501,0.52,0.502,0.465,0.525,0.46,0.49,0.485,0.488,0.499,0.488,0.514,0.507,0.514,0.497,0.484,0.505,0.495,0.499,0.484,0.513,0.489,0.505,0.482,0.499,0.509,0.503,0.472,0.496,0.495,0.493,0.496,0.51,0.519,0.52,0.492,0.496
0.51,0.477,0.483,0.477,0.493,0.511,0.463,0.507,0.529,0.507,0.497,0.507,0.524,0.497,0.491,0.493,0.49,0.521,0.507,0.511,0.517,0.48,0.517,0.478,0.48,0.494,0.529,0.484,0.487,0.515,0.492,0.509,0.477,0.487,0.552,0.504,0.506,0.495,0.498,0.527,0.498,0.523,0.495,0.503,0.493,0.509,0.479,0.483,0.502,0.525,0.484,0.509,0.504,0.522,0.481,0.498,0.502,0.505,0.513,0.507,0.49,0.507,0.489,0.486
0.483,0.499,0.474,0.504,0.495,0.531,0.477,0.493,0.49,0.515,0.481,0.502,0.497,0.464,0.498,0.511,0.492,0.499,0.479,0.515,0.514,0.508,0.494,0.497,0.504,0.524,0.477,0.493,0.486,0.502,0.497,0.477,0.53,0.514,0.487,0.519,0.493,0.493,0.495,0.501,0.503,0.536,0.532,0.482,0.532,0.52,0.47,0.475,0.495,0.472,0.488,0.525,0.492,0.495,0.524,0.47,0.504,0.487,0.526,0.475,0.499,0.495,0.515,0.5
0.518,0.475,0.494,0.507,0.506,0.51,0.492,0.497,0.485,0.498,0.487,0.498,0.499,0.474,0.514,0.485,0.492,0.507,0.516,0.522,0.5,0.506,0.494,0.524,0.494,0.525,0.505,0.489,0.482,0.489,0.521,0.503,0.522,0.518,0.517,0.484,0.532,0.489,0.482,0.501,0.486,0.472,0.477,0.492,0.484,0.465,0.511,0.493,0.534,0.499,0.5,0.496,0.485,0.496,0.481,0.489,0.509,0.501,0.526,0.506,0.503,0.48,0.514,0.459
0.502,0.51,0.492,0.493,0.518,0.529,0.482,0.505,0.511,0.516,0.513,0.487,0.502,0.5,0.502,0.511,0.481,0.535,0.509,0.514,0.488,0.513,0.501,0.482,0.468,0.469,0.5,0.461,0.498,0.516,0.498,0.5,0.485,0.508,0.5,0.518,0.505,0.513,0.524,0.497,0.5,0.505,0.502,0.485,0.508,0.506,0.51,0.48,0.515,0.506,0.493,0.495,0.496,0.498,0.491,0.506,0.508,0.501,0.5,0.508,0.502,0.5,0.497,0.502
0.503,0.496,0.491,0.5,0.495,0.502,0.515,0.48,0.506,0.49,0.476,0.509,0.478,0.497,0.489,0.5,0.499,0.505,0.521,0.497,0.472,0.516,0.514,0.501,0.479,0.505,0.532,0.493,0.501,0.492,0.488,0.506,0.508,0.517,0.495,0.492,0.508,0.506,0.508,0.511,0.48,0.509,0.501,0.501,0.519,0.488,0.479,0.496,0.514,0.507,0.481,0.493,0.5,0.513,0.527,0.518,0.477,0.53,0.493,0.479,0.47,0.518,0.494,0.493
0.499,0.498,0.486,0.496,0.513,0.486,0.503,0.495,0.511,0.522,0.528,0.487,0.485,0.498,0.529,0.468,0.483,0.479,0.505,0.503,0.511,0.486,0.495,0.504,0.484,0.53,0.505,0.488,0.506,0.477,0.471,0.518,0.486,0.53,0.454,0.479,0.496,0.48,0.493,0.499,0.518,0.514,0.532,0.518,0.511,0.52,0.487,0.52,0.512,0.513,0.483,0.493,0.481,0.499,0.487,0.495,0.511,0.496,0.55,0.516,0.513,0.492,0.49,0.523
0.515,0.504,0.485,0.487,0.485,0.513,0.495,0.511,0.502,0.487,0.482,0.506,0.491,0.49,0.518,0.504,0.502,0.474,0.51,0.518,0.52,0.522,0.495,0.512,0.524,0.506,0.492,0.476,0.464,0.461,0.5,0.499,0.488,0.487,0.512,0.484,0.485,0.478,0.478,0.492,0.495,0.509,0.521,0.469,0.453,0.499,0.494,0.493,0.502,0.502,0.51,0.534,0.476,0.476,0.493,0.517,0.514,0.51,0.477,0.532,0.511,0.483,0.478,0.507
0.46,0.524,0.515,0.481,0.494,0.506,0.5,0.486,0.512,0.54,0.484,0.489,0.525,0.529,0.501,0.45,0.518,0.521,0.497,0.499,0.486,0.476,0.493,0.526,0.516,0.509,0.516,0.493,0.504,0.48,0.513,0.519,0.493,0.484,0.477,0.494,0.466,0.496,0.478,0.498,0.513,0.538,0.52,0.482,0.482,0.511,0.487,0.493,0.515,0.522,0.505,0.498,0.517,0.524,0.509,0.514,0.473,0.487,0.49,0.512,0.474,0.492,0.518,0.5
0.505,0.484,0.508,0.532,0.499,0.494,0.51,0.457,0.51,0.511,0.524,0.488,0.492,0.511,0.513,0.488,0.51,0.499,0.5,0.503,0.475,0.487,0.473,0.488,0.505,0.482,0.497,0.489,0.494,0.479,0.517,0.482,0.483,0.522,0.482,0.473,0.48,0.506,0.507,0.487,0.493,0.511,0.481,0.505,0.492,0.496,0.516,0.508,0.491,0.497,0.5,0.511,0.493,0.487,0.523,0.495,0.494,0.493,0.497,0.51,0.508,0.499,0.491,0.479
0.501,0.492,0.498,0.502,0.5,0.491,0.502,0.485,0.492,0.512,0.501,0.515,0.506,0.533,0.5,0.498,0.465,0.489,0.503,0.509,0.474,0.505,0.511,0.466,0.48,0.498,0.495,0.518,0.506,0.506,0.514,0.508,0.461,0.528,0.502,0.503,0.502,0.493,0.506,0.527,0.509,0.488,0.526,0.522,0.467,0.477,0.481,0.487,0.496,0.505,0.489,0.522,0.505,0.499,0.491,0.516,0.493,0.504,0.494,0.475,0.525,0.476,0.512,0.479
0.514,0.491,0.476,0.494,0.482,0.499,0.465,0.494,0.47,0.513,0.521,0.492,0.519,0.502,0.507,0.507,0.491,0.505,0.506,0.504,0.507,0.497,0.512,0.519,0.479,0.514,0.507,0.492,0.478,0.49,0.504,0.519,0.457,0.508,0.499,0.483,0.504,0.506,0.536,0.491,0.521,0.49,0.507,0.504,0.512,0.504,0.517,0.499,0.471,0.514,0.502,0.487,0.499,0.5,0.497,0.48,0.489,0.502,0.499,0.501,0.481,0.483,0.509,0.523
0.514,0.49,0.505,0.501,0.479,0.478,0.483,0.497,0.511,0.486,0.508,0.484,0.478,0.461,0.492,0.481,0.517,0.513,0.504,0.523,0.524,0.501,0.515,0.516,0.531,0.518,0.48,0.505,0.461,0.488,0.498,0.519,0.502,0.488,0.505,0.509,0.506,0.507,0.508,0.501,0.469,0.504,0.516,0.512,0.527,0.511,0.498,0.481,0.475,0.492,0.517,0.494,0.482,0.525,0.525,0.521,0.501,0.498,0.497,0.507,0.49,0.511,0.493,0.509
0.471,0.52,0.521,0.501,0.47,0.488,0.514,0.553,0.505,0.486,0.482,0.492,0.527,0.481,0.502,0.485,0.506,0.504,0.516,0.462,0.498,0.513,0.505,0.5,0.51,0.49,0.483,0.483,0.503,0.484,0.507,0.501,0.491,0.505,0.509,0.49,0.504,0.489,0.513,0.473,0.519,0.503,0.52,0.495,0.511,0.507,0.499,0.485,0.487,0.477,0.521,0.509,0.493,0.496,0.475,0.486,0.482,0.498,0.501,0.496,0.476,0.465,0.502,0.516
0.512,0.494,0.487,0.5,0.5,0.525,0.496,0.504,0.519,0.493,0.507,0.518,0.509,0.481,0.501,0.518,0.507,0.499,0.495,0.517,0.507,0.483,0.51,0.505,0.497,0.501,0.504,0.494,0.518,0.521,0.495,0.507,0.48,0.493,0.516,0.468,0.46,0.526,0.51,0.463,0.521,0.5,0.512,0.499,0.487,0.484,0.505,0.522,0.513,0.534,0.515,0.506,0.508,0.483,0.504,0.489,0.495,0.512,0.478,0.464,0.521,0.488,0.508,0.494
0.501,0.521,0.491,0.531,0.499,0.505,0.502,0.488,0.516,0.516,0.453,0.507,0.494,0.482,0.487,0.498,0.504,0.499,0.503,0.496,0.496,0.497,0.502,0.501,0.501,0.489,0.525,0.476,0.517,0.507,0.501,0.493,0.522,0.496,0.505,0.493,0.483,0.508,0.494,0.472,0.525,0.501,0.489,0.485,0.507,0.523,0.493,0.516,0.509,0.506,0.484,0.508,0.482,0.512,0.504,0.488,0.532,0.511,0.513,0.51,0.487,0.483,0.515,0.485
0.512,0.482,0.487,0.51,0.462,0.501,0.518,0.484,0.518,0.52,0.503,0.5,0.513,0.498,0.496,0.496,0.505,0.518,0.493,0.509,0.499,0.508,0.514,0.528,0.503,0.494,0.498,0.506,0.491,0.483,0.487,0.511,0.491,0.504,0.496,0.501,0.513,0.514,0.502,0.527,0.469,0.492,0.467,0.488,0.516,0.486,0.471,0.492,0.499,0.502,0.494,0.496,0.489,0.548,0.506,0.484,0.492,0.498,0.518,0.505,0.521,0.493,0.489,0.52
0.491,0.515,0.492,0.502,0.516,0.469,0.506,0.523,0.526,0.5,0.529,0.506,0.487,0.509,0.488,0.527,0.482,0.505,0.496,0.511,0.519,0.484,0.494,0.499,0.501,0.493,0.516,0.496,0.507,0.528,0.502,0.511,0.469,0.482,0.504,0.499,0.499,0.509,0.518,0.509,0.511,0.495,0.52,0.521,0.484,0.493,0.491,0.486,0.513,0.513,0.485,0.52,0.507,0.488,0.479,0.52,0.509,0.512,0.495,0.534,0.487,0.477,0.49,0.51
0.509,0.505,0.518,0.504,0.485,0.518,0.479,0.516,0.487,0.474,0.477,0.513,0.5,0.498,0.493,0.488,0.514,0.488,0.504,0.499,0.48,0.505,0.482,0.489,0.496,0.504,0.506,0.487,0.521,0.513,0.511,0.494,0.494,0.519,0.497,0.504,0.488,0.47,0.533,0.501,0.5,0.5,0.521,0.483,0.49,0.501,0.5,0.491,0.521,0.468,0.501,0.518,0.545,0.516,0.496,0.532,0.483,0.503,0.503,0.503,0.489,0.495,0.52,0.494
0.508,0.479,0.498,0.517,0.494,0.484,0.484,0.506,0.47,0.483,0.485,0.509,0.49,0.476,0.517,0.509,0.504,0.501,0.502,0.49,0.506,0.491,0.473,0.516,0.518,0.512,0.468,0.482,0.501,0.501,0.51,0.503,0.497,0.491,0.513,0.501,0.498,0.515,0.508,0.509,0.507,0.49,0.488,0.517,0.517,0.499,0.487,0.486,0.502,0.515,0.506,0.48,0.497,0.504,0.488,0.523,0.488,0.513,0.516,0.545,0.533,0.524,0.493,0.477
0.516,0.511,0.482,0.495,0.521,0.491,0.502,0.503,0.491,0.499,0.482,0.494,0.49,0.459,0.478,0.528,0.478,0.536,0.489,0.512,0.49,0.534,0.483,0.499,0.481,0.507,0.511,0.495,0.507,0.491,0.483,0.494,0.501,0.482,0.5,0.503,0.499,0.519,0.495,0.51,0.475,0.452,0.504,0.515,0.456,0.51,0.488,0.498,0.47,0.501,0.493,0.502,0.501,0.521,0.496,0.521,0.504,0.489,0.516,0.513,0.476,0.494,0.492,0.495
0.506,0.5,0.494,0.512,0.489,0.497,0.505,0.514,0.471,0.48,0.513,0.504,0.503,0.517,0.494,0.488,0.48,0.505,0.514,0.505,0.487,0.511,0.492,0.518,0.495,0.52,0.531,0.519,0.522,0.513,0.508,0.501,0.492,0.494,0.495,0.492,0.509,0.492,0.522,0.506,0.51,0.495,0.556,0.515,0.504,0.485,0.49,0.482,0.495,0.482,0.476,0.495,0.521,0.491,0.516,0.472,0.486,0.494,0.524,0.486,0.501,0.515,0.507,0.483
0.486,0.52,0.497,0.501,0.476,0.489,0.489,0.493,0.487,0.497,0.52,0.499,0.504,0.513,0.5,0.479,0.5,0.495,0.496,0.485,0.514,0.5,0.489,0.495,0.493,0.53,0.5,0.515,0.493,0.528,0.515,0.522,0.517,0.49,0.492,0.479,0.492,0.484,0.505,0.496,0.49,0.491,0.503,0.515,0.512,0.507,0.511,0.496,0.505,0.526,0.499,0.506,0.504,0.501,0.503,0.522,0.49,0.485,0.495,0.51,0.522,0.525,0.494,0.517
0.527,0.498,0.508,0.492,0.497,0.475,0.487,0.511,0.488,0.488,0.491,0.487,0.506,0.491,0.519,0.526,0.467,0.503,0.492,0.497,0.483,0.496,0.46,0.501,0.494,0.507,0.504,0.497,0.49,0.493,0.518,0.483,0.5,0.522,0.503,0.52,0.524,0.496,0.482,0.532,0.536,0.493,0.515,0.511,0.506,0.489,0.497,0.483,0.491,0.513,0.498,0.478,0.516,0.512,0.489,0.502,0.501,0.479,0.499,0.484,0.483,0.495,0.521,0.525
0.522,0.519,0.507,0.5,0.519,0.542,0.495,0.539,0.47,0.489,0.488,0.506,0.498,0.494,0.514,0.479,0.494,0.501,0.499,0.496,0.489,0.508,0.499,0.519,0.508,0.477,0.481,0.482,0.498,0.495,0.494,0.514,0.48,0.511,0.474,0.514,0.476,0.535,0.528,0.524,0.514,0.514,0.498,0.499,0.464,0.498,0.484,0.491,0.522,0.513,0.495,0.504,0.484,0.533,0.501,0.488,0.495,0.477,0.486,0.472,0.496,0.491,0.501,0.483
0.499,0.474,0.52,0.495,0.507,0.518,0.475,0.483,0.499,0.504,0.505,0.489,0.497,0.51,0.493,0.468,0.492,0.476,0.469,0.516,0.523,0.485,0.53,0.484,0.52,0.49,0.478,0.505,0.512,0.502,0.501,0.509,0.508,0.529,0.471,0.496,0.526,0.506,0.512,0.486,0.473,0.49,0.506,0.507,0.497,0.495,0.508,0.529,0.48,0.513,0.502,0.474,0.497,0.517,0.484,0.519,0.489,0.518,0.475,0.497,0.491,0.504,0.493,0.517
0.51,0.488,0.493,0.5,0.478,0.489,0.514,0.497,0.516,0.516,0.5,0.512,0.506,0.495,0.507,0.497,0.482,0.512,0.494,0.503,0.512,0.485,0.527,0.497,0.495,0.51,0.507,0.498,0.496,0.5,0.524,0.469,0.485,0.507,0.505,0.503,0.503,0.512,0.523,0.498,0.506,0.48,0.455,0.478,0.481,0.483,0.473,0.508,0.521,0.489,0.501,0.507,0.525,0.51,0.511,0.478,0.494,0.505,0.487,0.502,0.507,0.511,0.503,0.495
0.516,0.508,0.498,0.477,0.495,0.493,0.502,0.495,0.523,0.483,0.484,0.515,0.485,0.534,0.499,0.49,0.503,0.5,0.488,0.504,0.503,0.485,0.485,0.474,0.484,0.495,0.503,0.499,0.513,0.499,0.474,0.519,0.48,0.501,0.505,0.509,0.501,0.517,0.502,0.521,0.499,0.541,0.514,0.505,0.493,0.487,0.536,0.483,0.512,0.502,0.512,0.517,0.489,0.514,0.517,0.487,0.52,0.502,0.518,0.486,0.473,0.525,0.512,0.472
0.502,0.515,0.492,0.486,0.497,0.505,0.506,0.519,0.519,0.472,0.492,0.511,0.49,0.513,0.501,0.483,0.489,0.507,0.494,0.514,0.524,0.521,0.488,0.499,0.506,0.539,0.489,0.487,0.499,0.503,0.518,0.502,0.507,0.537,0.547,0.521,0.507,0.48,0.492,0.53,0.471,0.507,0.503,0.49,0.494,0.481,0.495,0.514,0.531,0.473,0.485,0.494,0.508,0.501,0.502,0.493,0.484,0.496,0.475,0.5,0.502,0.506,0.497,0.496
0.51,0.513,0.523,0.508,0.491,0.49,0.503,0.475,0.489,0.483,0.483,0.501,0.515,0.46,0.507,0.485,0.534,0.501,0.479,0.511,0.468,0.504,0.526,0.494,0.511,0.473,0.493,0.477,0.507,0.491,0.519,0.492,0.507,0.517,0.507,0.512,0.5,0.514,0.496,0.478,0.503,0.512,0.518,0.501,0.501,0.49,0.491,0.522,0.491,0.505,0.468,0.473,0.515,0.477,0.504,0.504,0.498,0.508,0.507,0.513,0.476,0.519,0.488,0.516
0.509,0.497,0.507,0.524,0.51,0.474,0.515,0.495,0.513,0.491,0.544,0.52,0.513,0.499,0.505,0.496,0.476,0.507,0.511,0.504,0.534,0.5,0.486,0.489,0.497,0.512,0.51,0.509,0.508,0.478,0.509,0.495,0.536,0.493,0.513,0.486,0.501,0.502,0.499,0.487,0.479,0.501,0.484,0.489,0.484,0.483,0.502,0.502,0.509,0.476,0.517,0.473,0.517,0.497,0.495,0.507,0.517,0.517,0.515,0.505,0.501,0.501,0.488,0.492
0.516,0.491,0.488,0.498,0.519,0.507,0.498,0.515,0.531,0.518,0.507,0.524,0.541,0.511,0.509,0.488,0.52,0.519,0.481,0.513,0.527,0.528,0.507,0.493,0.5,0.52,0.489,0.498,0.491,0.49,0.491,0.532,0.482,0.514,0.502,0.484,0.496,0.514,0.481,0.508,0.476,0.49,0.495,0.527,0.493,0.51,0.501,0.533,0.512,0.526,0.512,0.494,0.511,0.499,0.48,0.478,0.511,0.485,0.495,0.499,0.49,0.48,0.492,0.517
0.494,0.512,0.492,0.488,0.5,0.53,0.52,0.51,0.515,0.512,0.477,0.478,0.514,0.478,0.514,0.502,0.53,0.507,0.527,0.492,0.498,0.489,0.498,0.487,0.497,0.493,0.506,0.508,0.506,0.501,0.51,0.498,0.476,0.493,0.505,0.512,0.525,0.482,0.476,0.495,0.49,0.486,0.505,0.506,0.493,0.498,0.505,0.474,0.48,0.527,0.465,0.495,0.491,0.498,0.516,0.504,0.49,0.511,0.506,0.502,0.492,0.486,0.477,0.507
0.515,0.521,0.5,0.515,0.497,0.511,0.518,0.48,0.522,0.495,0.497,0.514,0.493,0.506,0.532,0.485,0.511,0.465,0.524,0.513,0.498,0.505,0.501,0.514,0.484,0.493,0.5,0.49,0.516,0.51,0.502,0.496,0.495,0.496,0.519,0.505,0.461,0.482,0.49,0.486,0.534,0.51,0.504,0.499,0.521,0.492,0.507,0.507,0.511,0.546,0.514,0.498,0.51,0.479,0.492,0.504,0.499,0.482,0.509,0.505,0.489,0.49,0.493,0.503
0.505,0.485,0.504,0.49,0.467,0.484,0.491,0.512,0.502,0.498,0.514,0.506,0.505,0.488,0.51,0.477,0.497,0.485,0.489,0.493,0.486,0.503,0.505,0.486,0.516,0.506,0.52,0.473,0.496,0.527,0.519,0.523,0.47,0.506,0.498,0.511,0.532,0.487,0.516,0.515,0.503,0.493,0.501,0.516,0.514,0.474,0.507,0.478,0.5,0.487,0.488,0.488,0.5,0.507,0.502,0.496,0.494,0.502,0.46,0.509,0.511,0.494,0.514,0.482
0.496,0.504,0.473,0.502,0.506,0.488,0.491,0.523,0.519,0.5,0.509,0.501,0.493,0.489,0.481,0.495,0.505,0.497,0.494,0.487,0.476,0.481,0.476,0.489,0.521,0.507,0.469,0.511,0.522,0.492,0.492,0.465,0.493,0.502,0.498,0.502,0.488,0.487,0.495,0.505,0.517,0.493,0.51,0.501,0.478,0.506,0.49,0.49,0.483,0.511,0.511,0.494,0.519,0.504,0.491,0.503,0.49,0.502,0.508,0.485,0.479,0.526,0.5,0.487
0.496,0.508,0.508,0.473,0.515,0.498,0.473,0.491,0.489,0.478,0.52,0.511,0.506,0.488,0.499,0.499,0.521,0.495,0.469,0.514,0.537,0.497,0.505,0.495,0.506,0.488,0.486,0.487,0.507,0.468,0.507,0.476,0.515,0.501,0.49,0.5,0.498,0.5,0.493,0.492,0.499,0.489,0.498,0.496,0.485,0.494,0.508,0.522,0.453,0.493,0.483,0.476,0.51,0.498,0.494,0.499,0.513,0.484,0.491,0.496,0.491,0.512,0.488,0.469
0.504,0.508,0.506,0.495,0.487,0.496,0.497,0.506,0.506,0.513,0.526,0.511,0.537,0.526,0.539,0.495,0.514,0.463,0.502,0.501,0.529,0.492,0.47,0.506,0.488,0.503,0.513,0.507,0.502,0.49,0.496,0.507,0.499,0.516,0.495,0.504,0.487,0.52,0.516,0.497,0.499,0.53,0.511,0.503,0.513,0.473,0.496,0.532,0.49,0.473,0.484,0.519,0.464,0.499,0.504,0.523,0.509,0.479,0.489,0.5,0.484,0.525,0.501,0.505
0.498,0.478,0.506,0.492,0.486,0.516,0.515,0.504,0.479,0.492,0.485,0.482,0.493,0.501,0.48,0.511,0.503,0.492,0.489,0.514,0.507,0.509,0.493,0.524,0.492,0.51,0.52,0.481,0.505,0.504,0.506,0.472,0.52,0.496,0.517,0.48,0.492,0.522,0.499,0.504,0.495,0.491,0.512,0.504,0.488,0.486,0.505,0.5,0.501,0.512,0.488,0.479,0.528,0.507,0.486,0.47,0.508,0.515,0.494,0.484,0.512,0.482,0.462,0.494
0.503,0.492,0.526,0.496,0.505,0.495,0.501,0.49,0.492,0.515,0.519,0.509,0.492,0.496,0.497,0.526,0.499,0.462,0.497,0.49,0.475,0.496,0.487,0.501,0.492,0.511,0.497,0.497,0.507,0.493,0.5,0.5,0.509,0.484,0.499,0.486,0.505,0.512,0.504,0.514,0.51,0.518,0.479,0.506,0.5,0.501,0.51,0.47,0.479,0.509,0.503,0.49,0.488,0.518,0.507,0.494,0.515,0.469,0.495,0.5,0.516,0.472,0.502,0.496
0.511,0.514,0.53,0.509,0.512,0.505,0.49,0.524,0.487,0.517,0.537,0.502,0.531,0.492,0.492,0.512,0.508,0.493,0.496,0.48,0.497,0.484,0.51,0.488,0.506,0.507,0.488,0.496,0.501,0.516,0.499,0.486,0.489,0.489,0.493,0.476,0.506,0.495,0.502,0.487,0.521,0.52,0.503,0.488,0.49,0.485,0.522,0.475,0.512,0.49,0.538,0.493,0.487,0.495,0.469,0.509,0.516,0.52,0.469,0.485,0.492,0.497,0.516,0.5
0.52,0.485,0.486,0.493,0.502,0.496,0.512,0.494,0.507,0.504,0.485,0.483,0.506,0.491,0.477,0.503,0.531,0.503,0.502,0.53,0.518,0.51,0.499,0.513,0.506,0.502,0.494,0.492,0.499,0.494,0.495,0.507,0.499,0.492,0.515,0.523,0.497,0.519,0.487,0.486,0.493,0.512,0.497,0.494,0.514,0.5,0.527,0.478,0.504,0.489,0.508,0.52,0.473,0.508,0.486,0.498,0.489,0.495,0.497,0.511,0.483,0.532,0.508,0.51
0.491,0.516,0.473,0.503,0.474,0.493,0.511,0.504,0.501,0.502,0.485,0.52,0.48,0.495,0.505,0.507,0.496,0.497,0.478,0.51,0.512,0.499,0.489,0.485,0.544,0.516,0.502,0.519,0.542,0.507,0.506,0.522,0.484,0.51,0.466,0.456,0.501,0.458,0.504,0.497,0.503,0.486,0.508,0.519,0.494,0.495,0.533,0.502,0.5,0.495,0.492,0.496,0.547,0.46,0.517,0.507,0.513,0.524,0.522,0.517,0.508,0.491,0.507,0.479
0.489,0.526,0.523,0.477,0.482,0.501,0.492,0.527,0.507,0.494,0.479,0.508,0.517,0.485,0.493,0.501,0.5,0.5,0.486,0.53,0.518,0.488,0.506,0.488,0.475,0.495,0.483,0.484,0.528,0.493,0.481,0.502,0.498,0.49,0.501,0.498,0.506,0.521,0.517,0.507,0.486,0.485,0.495,0.508,0.484,0.478,0.516,0.484,0.511,0.509,0.495,0.513,0.53,0.523,0.463,0.502,0.505,0.493,0.502,0.49,0.534,0.519,0.509,0.526
0.499,0.502,0.507,0.483,0.509,0.502,0.493,0.501,0.532,0.505,0.486,0.508,0.464,0.495,0.496,0.516,0.494,0.517,0.516,0.502,0.48,0.498,0.494,0.511,0.505,0.503,0.497,0.492,0.527,0.508,0.5,0.494,0.495,0.507,0.523,0.481,0.512,0.496,0.507,0.498,0.5,0.502,0.496,0.472,0.495,0.49,0.474,0.51,0.497,0.481,0.53,0.49,0.495,0.483,0.487,0.477,0.518,0.489,0.502,0.528,0.48,0.495,0.487,0.502
0.521,0.516,0.529,0.493,0.508,0.501,0.495,0.525,0.502,0.477,0.485,0.511,0.498,0.479,0.516,0.501,0.52,0.5,0.502,0.518,0.459,0.507,0.48,0.484,0.508,0.506,0.488,0.495,0.517,0.492,0.499,0.49,0.517,0.497,0.492,0.49,0.495,0.496,0.491,0.527,0.511,0.477,0.506,0.499,0.498,0.509,0.49,0.52,0.478,0.5,0.495,0.473,0.483,0.488,0.535,0.499,0.518,0.509,0.495,0.51,0.482,0.488,0.493,0.517
0.512,0.504,0.503,0.502,0.509,0.499,0.49,0.492,0.501,0.512,0.501,0.504,0.481,0.505,0.501,0.502,0.516,0.503,0.504,0.503,0.48,0.482,0.49,0.502,0.507,0.5,0.465,0.512,0.474,0.507,0.511,0.492,0.475,0.516,0.478,0.486,0.482,0.501,0.503,0.513,0.519,0.494,0.485,0.482,0.508,0.521,0.499,0.503,0.492,0.527,0.506,0.505,0.522,0.499,0.507,0.513,0.506,0.51,0.501,0.47,0.479,0.482,0.498,0.492
0.508,0.483,0.527,0.491,0.462,0.501,0.521,0.49,0.505,0.508,0.488,0.479,0.511,0.516,0.504,0.484,0.479,0.508,0.479,0.503,0.511,0.489,0.482,0.498,0.506,0.472,0.508,0.511,0.472,0.522,0.473,0.524,0.505,0.5,0.503,0.495,0.474,0.51,0.488,0.486,0.446,0.487,0.5,0.478,0.497,0.495,0.493,0.51,0.538,0.531,0.489,0.506,0.478,0.492,0.508,0.499,0.481,0.509,0.514,0.499,0.499,0.476,0.499,0.503
0.476,0.501,0.501,0.522,0.514,0.489,0.506,0.49,0.505,0.512,0.502,0.514,0.502,0.488,0.471,0.52,0.501,0.499,0.509,0.5,0.491,0.516,0.524,0.482,0.498,0.491,0.493,0.506,0.482,0.485,0.516,0.511,0.5,0.497,0.478,0.468,0.513,0.519,0.528,0.503,0.503,0.521,0.509,0.494,0.505,0.471,0.502,0.518,0.503,0.489,0.531,0.508,0.488,0.506,0.508,0.504,0.511,0.517,0.488,0.468,0.501,0.515,0.513,0.512
0.531,0.486,0.489,0.509,0.501,0.487,0.483,0.486,0.511,0.493,0.514,0.509,0.501,0.498,0.483,0.518,0.52,0.509,0.495,0.529,0.501,0.494,0.515,0.508,0.504,0.505,0.478,0.521,0.468,0.502,0.495,0.521,0.486,0.51,0.542,0.502,0.521,0.513,0.503,0.506,0.502,0.497,0.497,0.456,0.469,0.476,0.502,0.502,0.508,0.476,0.492,0.486,0.463,0.514,0.487,0.518,0.502,0.495,0.502,0.483,0.492,0.483,0.539,0.545
0.503,0.498,0.528,0.516,0.496,0.49,0.496,0.49,0.52,0.477,0.49,0.516,0.479,0.48,0.517,0.488,0.511,0.501,0.508,0.466,0.497,0.519,0.506,0.513,0.509,0.487,0.486,0.512,0.493,0.498,0.52,0.5,0.479,0.536,0.522,0.503,0.502,0.487,0.503,0.487,0.484,0.528,0.469,0.462,0.485,0.512,0.508,0.5,0.522,0.492,0.502,0.483,0.495,0.523,0.514,0.503,0.524,0.496,0.483,0.47,0.514,0.5,0.509,0.497
0.496,0.521,0.515,0.53,0.502,0.521,0.485,0.502,0.522,0.498,0.487,0.531,0.493,0.506,0.511,0.498,0.511,0.479,0.516,0.484,0.49,0.5,0.481,0.494,0.508,0.522,0.495,0.5,0.507,0.498,0.491,0.519,0.498,0.484,0.532,0.496,0.51,0.518,0.479,0.489,0.474,0.508,0.493,0.494,0.494,0.48,0.501,0.503,0.489,0.5,0.489,0.502,0.479,0.528,0.482,0.505,0.512,0.508,0.481,0.507,0.492,0.51,0.489,0.541
0.493,0.512,0.479,0.53,0.494,0.504,0.5,0.469,0.512,0.5,0.502,0.531,0.49,0.483,0.485,0.494,0.484,0.491,0.54,0.498,0.491,0.471,0.494,0.494,0.511,0.507,0.502,0.507,0.529,0.508,0.504,0.5,0.486,0.487,0.466,0.509,0.525,0.466,0.528,0.511,0.491,0.472,0.516,0.504,0.505,0.502,0.497,0.499,0.511,0.494,0.508,0.475,0.522,0.517,0.5,0.52,0.512,0.497,0.498,0.468,0.477,0.531,0.504,0.47
0.465,0.477,0.484,0.502,0.505,0.497,0.503,0.516,0.514,0.508,0.509,0.506,0.513,0.511,0.481,0.503,0.516,0.529,0.513,0.494,0.494,0.459,0.5,0.504,0.531,0.521,0.486,0.499,0.544,0.487,0.502,0.517,0.498,0.486,0.489,0.484,0.505,0.512,0.524,0.511,0.51,0.507,0.531,0.484,0.5,0.519,0.5,0.49,0.509,0.484,0.503,0.492,0.516,0.489,0.508,0.5,0.512,0.5,0.501,0.49,0.517,0.508,0.481,0.498
0.505,0.521,0.498,0.517,0.482,0.495,0.516,0.497,0.509,0.495,0.5,0.485,0.501,0.501,0.525,0.483,0.48,0.514,0.514,0.508,0.484,0.503,0.514,0.497,0.498,0.547,0.487,0.518,0.515,0.519,0.478,0.506,0.49,0.511,0.503,0.486,0.516,0.524,0.528,0.508,0.48,0.484,0.521,0.492,0.49,0.495,0.485,0.497,0.488,0.499,0.502,0.524,0.48,0.501,0.519,0.512,0.499,0.476,0.485,0.499,0.491,0.481,0.494,0.508
0.496,0.492,0.503,0.516,0.495,0.547,0.483,0.5,0.503,0.511,0.489,0.507,0.527,0.519,0.515,0.455,0.494,0.49,0.494,0.485,0.499,0.512,0.504,0.495,0.493,0.51,0.48,0.496,0.51,0.495,0.472,0.522,0.487,0.49,0.477,0.5,0.48,0.494,0.484,0.529,0.486,0.479,0.513,0.492,0.508,0.537,0.488,0.491,0.506,0.51,0.499,0.495,0.517,0.492,0.501,0.499,0.503,0.494,0.49,0.516,0.488,0.482,0.48,0.502
0.509,0.503,0.489,0.516,0.504,0.499,0.502,0.511,0.492,0.504,0.479,0.5,0.508,0.492,0.502,0.517,0.469,0.482,0.52,0.497,0.5,0.505,0.505,0.526,0.487,0.51,0.527,0.498,0.513,0.513,0.519,0.49,0.508,0.499,0.492,0.52,0.527,0.526,0.519,0.512,0.494,0.518,0.513,0.495,0.516,0.523,0.491,0.498,0.514,0.485,0.484,0.514,0.49,0.5,0.503,0.512,0.496,0.52,0.489,0.479,0.486,0.487,0.47,0.507
0.491,0.493,0.536,0.486,0.487,0.536,0.513,0.504,0.502,0.525,0.501,0.522,0.507,0.501,0.49,0.491,0.5,0.481,0.494,0.498,0.513,0.519,0.488,0.511,0.509,0.514,0.489,0.504,0.481,0.473,0.472,0.471,0.493,0.529,0.5,0.501,0.489,0.504,0.498,0.496,0.482,0.509,0.532,0.516,0.48,0.464,0.56,0.506,0.487,0.48,0.498,0.504,0.486,0.507,0.515,0.494,0.529,0.494,0.52,0.507,0.472,0.53,0.485,0.484
0.504,0.512,0.506,0.506,0.499,0.513,0.52,0.529,0.506,0.487,0.51,0.487,0.478,0.499,0.511,0.501,0.519,0.468,0.472,0.506,0.506,0.51,0.491,0.494,0.482,0.508,0.507,0.504,0.469,0.476,0.512,0.499,0.499,0.481,0.483,0.521,0.494,0.493,0.513,0.488,0.511,0.467,0.478,0.499,0.542,0.509,0.482,0.463,0.495,0.483,0.496,0.513,0.482,0.484,0.527,0.493,0.494,0.469,0.484,0.505,0.505,0.49,0.514,0.477
0.506,0.485,0.497,0.514,0.48,0.495,0.475,0.477,0.494,0.513,0.466,0.498,0.506,0.521,0.521,0.516,0.481,0.486,0.505,0.494,0.511,0.496,0.497,0.472,0.486,0.518,0.501,0.518,0.509,0.505,0.471,0.541,0.538,0.512,0.518,0.472,0.49,0.501,0.532,0.512,0.475,0.511,0.496,0.5,0.493,0.53,0.507,0.497,0.538,0.504,0.502,0.499,0.505,0.482,0.497,0.482,0.513,0.49,0.488,0.5,0.509,0.498,0.496,0.504
0.496,0.502,0.535,0.507,0.499,0.494,0.483,0.5,0.485,0.519,0.514,0.503,0.496,0.492,0.5,0.502,0.527,0.459,0.5,0.499,0.481,0.463,0.495,0.511,0.518,0.508,0.515,0.5,0.486,0.502,0.485,0.5,0.514,0.473,0.476,0.527,0.494,0.5,0.493,0.501,0.493,0.494,0.505,0.523,0.496,0.522,0.508,0.489,0.502,0.505,0.481,0.513,0.51,0.487,0.498,0.521,0.499,0.515,0.486,0.495,0.502,0.508,0.484,0.545
0.51,0.489,0.503,0.509,0.499,0.477,0.497,0.496,0.506,0.484,0.504,0.508,0.505,0.507,0.496,0.508,0.481,0.501,0.51,0.505,0.517,0.484,0.498,0.502,0.509,0.471,0.486,0.539,0.483,0.506,0.537,0.5,0.505,0.521,0.487,0.491,0.496,0.481,0.486,0.522,0.492,0.483,0.491,0.484,0.507,0.511,0.472,0.472,0.507,0.527,0.523,0.512,0.483,0.509,0.512,0.485,0.475,0.485,0.516,0.467,0.488,0.492,0.531,0.499
0.494,0.484,0.499,0.506,0.488,0.523,0.521,0.517,0.51,0.513,0.464,0.51,0.501,0.479,0.502,0.495,0.506,0.482,0.527,0.487,0.493,0.478,0.497,0.502,0.508,0.491,0.527,0.512,0.514,0.498,0.496,0.503,0.471,0.498,0.506,0.491,0.483,0.494,0.499,0.514,0.501,0.498,0.524,0.522,0.492,0.53,0.466,0.511,0.492,0.505,0.505,0.516,0.474,0.518,0.527,0.497,0.507,0.492,0.459,0.513,0.487,0.501,0.506,0.528
0.505,0.507,0.497,0.514,0.509,0.524,0.53,0.497,0.491,0.516,0.478,0.477,0.486,0.498,0.489,0.492,0.507,0.501,0.518,0.503,0.475,0.507,0.516,0.488,0.508,0.506,0.505,0.492,0.502,0.489,0.499,0.493,0.493,0.492,0.484,0.504,0.53,0.497,0.497,0.495,0.488,0.492,0.509,0.5,0.477,0.505,0.532,0.497,0.489,0.526,0.488,0.494,0.489,0.492,0.507,0.496,0.488,0.471,0.518,0.494,0.506,0.492,0.48,0.508
0.52,0.498,0.512,0.495,0.476,0.492,0.478,0.515,0.485,0.479,0.487,0.504,0.488,0.499,0.538,0.481,0.504,0.521,0.485,0.512,0.498,0.502,0.508,0.478,0.492,0.508,0.512,0.554,0.5,0.521,0.489,0.511,0.499,0.474,0.494,0.493,0.513,0.509,0.505,0.488,0.516,0.485,0.498,0.53,0.506,0.504,0.502,0.52,0.493,0.485,0.474,0.492,0.487,0.468,0.497,0.521,0.53,0.538,0.494,0.504,0.507,0.48,0.505,0.493
0.507,0.509,0.491,0.49,0.471,0.514,0.519,0.524,0.512,0.521,0.502,0.51,0.502,0.508,0.513,0.487,0.524,0.516,0.492,0.472,0.495,0.524,0.488,0.458,0.522,0.508,0.487,0.524,0.482,0.526,0.518,0.501,0.496,0.497,0.507,0.492,0.485,0.518,0.494,0.49,0.496,0.516,0.499,0.519,0.483,0.508,0.495,0.511,0.53,0.509,0.518,0.507,0.498,0.487,0.48,0.504,0.476,0.483,0.505,0.48,0.489,0.491,0.472,0.512
0.518,0.477,0.517,0.474,0.495,0.478,0.464,0.527,0.495,0.508,0.47,0.481,0.516,0.483,0.528,0.505,0.508,0.501,0.508,0.512,0.499,0.486,0.508,0.488,0.491,0.487,0.533,0.515,0.493,0.488,0.482,0.507,0.503,0.52,0.511,0.491,0.502,0.493,0.524,0.487,0.516,0.507,0.501,0.499,0.535,0.515,0.491,0.501,0.491,0.49,0.505,0.5,0.519,0.508,0.513,0.482,0.51,0.521,0.5,0.471,0.501,0.51,0.505,0.487
0.504,0.515,0.497,0.51,0.484,0.519,0.471,0.487,0.507,0.494,0.507,0.508,0.504,0.505,0.524,0.494,0.479,0.497,0.501,0.486,0.502,0.513,0.486,0.507,0.508,0.511,0.505,0.498,0.512,0.504,0.476,0.494,0.493,0.501,0.48,0.504,0.482,0.519,0.515,0.515,0.507,0.51,0.506,0.515,0.493,0.514,0.511,0.492,0.492,0.49,0.512,0.519,0.492,0.51,0.521,0.492,0.503,0.508,0.492,0.523,0.508,0.506,0.507,0.506
0.502,0.5,0.488,0.522,0.525,0.508,0.523,0.498,0.507,0.524,0.52,0.497,0.512,0.497,0.527,0.511,0.515,0.462,0.525,0.504,0.496,0.496,0.505,0.528,0.506,0.513,0.499,0.521,0.512,0.489,0.51,0.518,0.507,0.532,0.496,0.506,0.486,0.499,0.486,0.481,0.5,0.5,0.492,0.516,0.528,0.491,0.498,0.492,0.479,0.483,0.525,0.507,0.523,0.505,0.526,0.508,0.486,0.494,0.51,0.513,0.496,0.496,0.483,0.493
0.504,0.473,0.523,0.482,0.477,0.5,0.493,0.52,0.487,0.516,0.51,0.498,0.497,0.509,0.499,0.489,0.474,0.527,0.483,0.507,0.5,0.518,0.489,0.517,0.479,0.461,0.503,0.497,0.51,0.494,0.486,0.521,0.51,0.511,0.504,0.504,0.485,0.491,0.49,0.502,0.508,0.52,0.485,0.474,0.508,0.514,0.503,0.497,0.497,0.489,0.496,0.494,0.49,0.496,0.506,0.52,0.491,0.496,0.507,0.51,0.508,0.523,0.498,0.507
0.503,0.475,0.497,0.504,0.503,0.504,0.511,0.517,0.517,0.501,0.519,0.512,0.487,0.485,0.509,0.477,0.52,0.485,0.527,0.521,0.509,0.512,0.491,0.511,0.482,0.517,0.508,0.48,0.505,0.502,0.499,0.49,0.487,0.518,0.502,0.504,0.52,0.513,0.479,0.526,0.514,0.482,0.483,0.488,0.502,0.497,0.501,0.533,0.506,0.508,0.536,0.516,0.507,0.514,0.536,0.525,0.52,0.484,0.478,0.5,0.504,0.481,0.499,0.533
0.462,0.478,0.494,0.483,0.507,0.489,0.482,0.506,0.503,0.511,0.503,0.507,0.517,0.499,0.491,0.499,0.484,0.503,0.501,0.524,0.499,0.497,0.493,0.483,0.47,0.515,0.493,0.499,0.533,0.534,0.513,0.487,0.477,0.512,0.487,0.499,0.498,0.515,0.508,0.539,0.52,0.487,0.495,0.526,0.521,0.47,0.496,0.515,0.488,0.482,0.494,0.5,0.493,0.495,0.49,0.478,0.464,0.522,0.491,0.491,0.495,0.493,0.478,0.509
0.483,0.502,0.505,0.54,0.496,0.504,0.489,0.514,0.486,0.492,0.502,0.519,0.5,0.492,0.492,0.507,0.493,0.493,0.499,0.487,0.478,0.491,0.505,0.485,0.505,0.49,0.499,0.504,0.51,0.494,0.488,0.482,0.489,0.476,0.504,0.525,0.487,0.509,0.513,0.486,0.505,0.519,0.519,0.511,0.511,0.492,0.485,0.503,0.527,0.499,0.513,0.499,0.479,0.491,0.482,0.496,0.489,0.518,0.508,0.497,0.539,0.47,0.472,0.48
0.507,0.485,0.517,0.49,0.502,0.501,0.521,0.519,0.495,0.495,0.494,0.491,0.507,0.517,0.474,0.52,0.49,0.495,0.497,0.492,0.514,0.51,0.503,0.477,0.491,0.489,0.507,0.536,0.511,0.479,0.506,0.469,0.493,0.47,0.481,0.485,0.489,0.482,0.519,0.515,0.515,0.5,0.483,0.512,0.489,0.502,0.499,0.489,0.513,0.518,0.5,0.469,0.529,0.507,0.514,0.504,0.498,0.505,0.491,0.534,0.494,0.482,0.492,0.506
0.502,0.501,0.515,0.493,0.481,0.527,0.509,0.49,0.482,0.486,0.487,0.471,0.511,0.481,0.516,0.504,0.513,0.48,0.477,0.469,0.526,0.473,0.486,0.492,0.514,0.536,0.504,0.517,0.51,0.493,0.481,0.49,0.486,0.514,0.503,0.496,0.517,0.497,0.462,0.505,0.481,0.482,0.482,0.509,0.484,0.516,0.534,0.525,0.488,0.521,0.502,0.51,0.51,0.488,0.536,0.487,0.509,0.48,0.506,0.506,0.511,0.484,0.491,0.496
0.511,0.489,0.513,0.474,0.485,0.476,0.497,0.517,0.51,0.492,0.51,0.496,0.489,0.494,0.506,0.48,0.512,0.505,0.516,0.462,0.502,0.523,0.496,0.501,0.496,0.517,0.498,0.522,0.499,0.526,0.508,0.491,0.479,0.506,0.501,0.486,0.495,0.508,0.506,0.49,0.509,0.521,0.477,0.511,0.518,0.498,0.516,0.501,0.504,0.487,0.48,0.496,0.49,0.512,0.513,0.507,0.519,0.512,0.515,0.481,0.496,0.513,0.503,0.507
0.535,0.511,0.51,0.494,0.489,0.528,0.526,0.515,0.489,0.505,0.49,0.512,0.51,0.522,0.511,0.503,0.507,0.445,0.513,0.517,0.485,0.508,0.494,0.508,0.517,0.505,0.497,0.499,0.483,0.469,0.496,0.523,0.47,0.498,0.505,0.488,0.476,0.501,0.532,0.523,0.525,0.511,0.536,0.499,0.52,0.504,0.478,0.503,0.487,0.486,0.46,0.493,0.501,0.5,0.515,0.499,0.488,0.497,0.479,0.489,0.496,0.466,0.486,0.48
0.489,0.509,0.505,0.492,0.516,0.505,0.459,0.507,0.499,0.486,0.492,0.505,0.489,0.499,0.472,0.503,0.497,0.486,0.488,0.538,0.526,0.53,0.514,0.547,0.492,0.492,0.48,0.503,0.514,0.49,0.513,0.518,0.506,0.517,0.51,0.499,0.462,0.531,0.5,0.504,0.511,0.509,0.481,0.479,0.537,0.508,0.491,0.499,0.519,0.512,0.527,0.492,0.528,0.496,0.506,0.51,0.496,0.507,0.486,0.49,0.479,0.489,0.478,0.505
0.511,0.529,0.514,0.494,0.514,0.507,0.486,0.484,0.503,0.512,0.536,0.495,0.502,0.518,0.516,0.497,0.474,0.496,0.515,0.505,0.485,0.466,0.485,0.499,0.495,0.497,0.515,0.491,0.508,0.487,0.49,0.511,0.51,0.493,0.5,0.501,0.51,0.477,0.51,0.514,0.507,0.516,0.471,0.502,0.51,0.499,0.493,0.527,0.455,0.515,0.509,0.532,0.515,0.494,0.531,0.481,0.483,0.506,0.515,0.479,0.519,0.487,0.503,0.521
0.494,0.516,0.49,0.51,0.496,0.511,0.502,0.501,0.522,0.494,0.514,0.502,0.48,0.488,0.509,0.493,0.499,0.489,0.505,0.483,0.528,0.495,0.498,0.499,0.495,0.503,0.476,0.513,0.516,0.512,0.478,0.499,0.531,0.493,0.498,0.502,0.491,0.52,0.507,0.494,0.488,0.497,0.485,0.515,0.509,0.513,0.513,0.521,0.495,0.488,0.493,0.529,0.515,0.502,0.477,0.497,0.496,0.486,0.507,0.514,0.487,0.486,0.481,0.479
0.508,0.536,0.521,0.491,0.477,0.495,0.516,0.509,0.49,0.493,0.482,0.513,0.497,0.49,0.46,0.49,0.519,0.48,0.525,0.503,0.509,0.503,0.498,0.474,0.513,0.535,0.5,0.51,0.518,0.53,0.516,0.517,0.491,0.488,0.485,0.478,0.51,0.503,0.469,0.514,0.494,0.496,0.532,0.499,0.497,0.502,0.519,0.53,0.551,0.513,0.499,0.482,0.477,0.506,0.506,0.516,0.506,0.496,0.501,0.496,0.504,0.464,0.511,0.523
0.518,0.501,0.506,0.509,0.483,0.52,0.502,0.513,0.52,0.504,0.506,0.519,0.524,0.495,0.498,0.473,0.526,0.515,0.509,0.508,0.514,0.503,0.495,0.495,0.506,0.526,0.493,0.498,0.494,0.493,0.486,0.51,0.502,0.484,0.477,0.516,0.507,0.458,0.505,0.497,0.491,0.515,0.454,0.509,0.493,0.504,0.51,0.472,0.483,0.499,0.524,0.52,0.485,0.518,0.513,0.473,0.498,0.481,0.496,0.505,0.481,0.514,0.506,0.45
0.474,0.526,0.483,0.47,0.497,0.475,0.505,0.481,0.515,0.504,0.511,0.507,0.487,0.511,0.503,0.514,0.487,0.514,0.496,0.486,0.485,0.501,0.519,0.483,0.489,0.477,0.508,0.495,0.474,0.508,0.5,0.481,0.481,0.519,0.484,0.515,0.504,0.498,0.493,0.49,0.478,0.51,0.493,0.496,0.5,0.465,0.493,0.509,0.484,0.489,0.491,0.478,0.512,0.493,0.502,0.476,0.505,0.503,0.486,0.502,0.501,0.502,0.511,0.48
0.51,0.513,0.517,0.5,0.505,0.511,0.482,0.504,0.49,0.486,0.492,0.494,0.494,0.517,0.498,0.487,0.495,0.499,0.516,0.505,0.5,0.501,0.504,0.509,0.479,0.511,0.507,0.501,0.52,0.481,0.498,0.477,0.486,0.501,0.499,0.498,0.505,0.492,0.489,0.497,0.502,0.495,0.519,0.503,0.48,0.529,0.487,0.5,0.519,0.509,0.493,0.511,0.507,0.487,0.52,0.508,0.495,0.473,0.502,0.505,0.517,0.497,0.506,0.5
0.511,0.542,0.493,0.495,0.484,0.499,0.481,0.499,0.529,0.474,0.503,0.502,0.486,0.504,0.492,0.523,0.505,0.473,0.504,0.505,0.473,0.497,0.532,0.514,0.542,0.517,0.494,0.492,0.505,0.482,0.513,0.487,0.5,0.485,0.493,0.503,0.512,0.528,0.514,0.533,0.51,0.492,0.495,0.515,0.499,0.497,0.485,0.521,0.492,0.505,0.495,0.504,0.491,0.435,0.487,0.519,0.456,0.517,0.499,0.5,0.514,0.487,0.512,0.482
0.486,0.539,0.486,0.513,0.498,0.53,0.526,0.508,0.506,0.485,0.492,0.497,0.496,0.54,0.485,0.489,0.506,0.506,0.519,0.508,0.506,0.474,0.51,0.494,0.486,0.493,0.471,0.51,0.496,0.487,0.507,0.463,0.507,0.501,0.476,0.476,0.494,0.513,0.514,0.506,0.518,0.46,0.499,0.503,0.5,0.485,0.5,0.487,0.479,0.493,0.5,0.515,0.509,0.5,0.5,0.477,0.467,0.496,0.479,0.492,0.507,0.505,0.492,0.506
0.513,0.51,0.496,0.515,0.501,0.502,0.509,0.513,0.5,0.484,0.498,0.526,0.512,0.468,0.503,0.507,0.464,0.511,0.52,0.496,0.506,0.524,0.51,0.5,0.507,0.505,0.551,0.496,0.521,0.498,0.499,0.527,0.522,0.501,0.495,0.476,0.493,0.502,0.475,0.51,0.494,0.496,0.528,0.496,0.505,0.479,0.478,0.499,0.501,0.506,0.488,0.496,0.522,0.488,0.508,0.502,0.519,0.491,0.48,0.507,0.501,0.502,0.513,0.523
0.515,0.518,0.53,0.487,0.504,0.539,0.522,0.497,0.53,0.489,0.504,0.503,0.48,0.535,0.497,0.505,0.497,0.485,0.498,0.45,0.515,0.487,0.496,0.513,0.478,0.496,0.528,0.533,0.524,0.504,0.505,0.496,0.545,0.5,0.501,0.484,0.516,0.502,0.511,0.484,0.473,0.494,0.482,0.479,0.498,0.507,0.507,0.51,0.524,0.521,0.503,0.505,0.49,0.504,0.475,0.48,0.495,0.46,0.513,0.49,0.501,0.508,0.522,0.493
0.475,0.512,0.485,0.504,0.484,0.509,0.468,0.512,0.514,0.49,0.499,0.526,0.52,0.487,0.499,0.513,0.481,0.505,0.505,0.507,0.491,0.498,0.503,0.515,0.512,0.527,0.493,0.517,0.501,0.502,0.519,0.499,0.499,0.509,0.479,0.499,0.464,0.509,0.514,0.494,0.489,0.492,0.506,0.494,0.519,0.473,0.509,0.468,0.513,0.508,0.465,0.493,0.515,0.516,0.498,0.529,0.487,0.495,0.486,0.503,0.512,0.483,0.494,0.519
0.492,0.492,0.508,0.464,0.523,0.496,0.494,0.508,0.523,0.474,0.5,0.518,0.493,0.507,0.503,0.509,0.515,0.481,0.476,0.502,0.509,0.501,0.495,0.516,0.513,0.468,0.541,0.499,0.495,0.477,0.477,0.508,0.504,0.512,0.495,0.476,0.512,0.487,0.492,0.525,0.519,0.494,0.46,0.519,0.487,0.488,0.507,0.491,0.512,0.547,0.49,0.514,0.493,0.512,0.515,0.479,0.491,0.473,0.499,0.5,0.498,0.478,0.495,0.489
0.504,0.521,0.497,0.494,0.476,0.492,0.519,0.486,0.487,0.471,0.497,0.496,0.471,0.496,0.47,0.492,0.501,0.507,0.491,0.528,0.509,0.461,0.498,0.484,0.5,0.525,0.483,0.53,0.541,0.491,0.511,0.514,0.508,0.517,0.498,0.489,0.475,0.489,0.522,0.501,0.491,0.502,0.49,0.505,0.518,0.505,0.517,0.51,0.47,0.48,0.51,0.484,0.487,0.461,0.505,0.5,0.506,0.504,0.506,0.502,0.497,0.49,0.51,0.507
0.515,0.51,0.497,0.473,0.509,0.498,0.489,0.527,0.506,0.496,0.505,0.514,0.503,0.486,0.514,0.504,0.514,0.479,0.482,0.522,0.511,0.505,0.503,0.484,0.492,0.475,0.498,0.502,0.495,0.482,0.525,0.514,0.475,0.465,0.484,0.506,0.518,0.503,0.506,0.498,0.498,0.546,0.5,0.501,0.486,0.49,0.505,0.49,0.506,0.534,0.483,0.451,0.482,0.496,0.511,0.524,0.515,0.492,0.468,0.503,0.488,0.519,0.483,0.499
0.494,0.513,0.482,0.508,0.518,0.489,0.522,0.507,0.502,0.521,0.492,0.498,0.481,0.523,0.522,0.532,0.504,0.469,0.482,0.529,0.485,0.506,0.495,0.504,0.461,0.502,0.483,0.463,0.496,0.499,0.514,0.515,0.468,0.508,0.504,0.533,0.498,0.474,0.487,0.512,0.484,0.511,0.497,0.495,0.488,0.516,0.502,0.476,0.459,0.504,0.498,0.544,0.489,0.507,0.511,0.49,0.489,0.48,0.52,0.522,0.511,0.491,0.469,0.515
0.51,0.482,0.503,0.501,0.499,0.481,0.491,0.521,0.507,0.513,0.487,0.504,0.5,0.496,0.472,0.483,0.502,0.497,0.499,0.52,0.493,0.501,0.492,0.494,0.476,0.514,0.5,0.518,0.493,0.514,0.489,0.486,0.5,0.49,0.485,0.507,0.499,0.515,0.465,0.519,0.486,0.503,0.5,0.468,0.505,0.518,0.494,0.516,0.491,0.5,0.516,0.512,0.509,0.496,0.5,0.502,0.479,0.505,0.508,0.511,0.496,0.507,0.492,0.51
0.493,0.496,0.507,0.494,0.5,0.493,0.511,0.499,0.525,0.492,0.493,0.508,0.501,0.492,0.482,0.501,0.512,0.492,0.498,0.512,0.518,0.516,0.501,0.486,0.473,0.498,0.489,0.5,0.521,0.47,0.498,0.542,0.482,0.483,0.497,0.503,0.47,0.515,0.518,0.501,0.513,0.504,0.515,0.484,0.507,0.47,0.487,0.501,0.469,0.489,0.48,0.484,0.499,0.483,0.514,0.498,0.523,0.482,0.478,0.494,0.5,0.504,0.513,0.488
0.495,0.475,0.487,0.498,0.484,0.505,0.508,0.475,0.493,0.511,0.516,0.515,0.487,0.492,0.491,0.492,0.487,0.536,0.492,0.5,0.505,0.52,0.49,0.474,0.491,0.496,0.512,0.508,0.508,0.479,0.497,0.515,0.488,0.474,0.521,0.515,0.52,0.474,0.498,0.516,0.472,0.493,0.5,0.5,0.492,0.482,0.476,0.491,0.511,0.506,0.484,0.509,0.529,0.488,0.507,0.508,0.518,0.517,0.529,0.522,0.5,0.509,0.533,0.51
0.469,0.501,0.51,0.508,0.489,0.517,0.498,0.51,0.528,0.481,0.478,0.479,0.469,0.536,0.508,0.52,0.494,0.516,0.495,0.493,0.536,0.465,0.515,0.5,0.507,0.493,0.529,0.508,0.528,0.497,0.503,0.51,0.487,0.502,0.499,0.53,0.487,0.517,0.512,0.533,0.483,0.496,0.51,0.489,0.492,0.524,0.505,0.521,0.526,0.51,0.495,0.517,0.472,0.509,0.484,0.486,0.527,0.465,0.519,0.496,0.489,0.52,0.513,0.488
0.504,0.477,0.501,0.495,0.48,0.504,0.519,0.488,0.501,0.491,0.494,0.514,0.47,0.517,0.493,0.506,0.521,0.505,0.502,0.504,0.517,0.491,0.504,0.507,0.492,0.485,0.464,0.504,0.524,0.508,0.501,0.482,0.499,0.481,0.493,0.511,0.5,0.506,0.513,0.512,0.545,0.497,0.514,0.514,0.491,0.502,0.485,0.493,0.474,0.52,0.481,0.494,0.498,0.503,0.5,0.51,0.499,0.462,0.485,0.498,0.526,0.505,0.524,0.49
0.494,0.521,0.516,0.52,0.485,0.53,0.511,0.493,0.503,0.497,0.514,0.513,0.498,0.504,0.494,0.492,0.502,0.495,0.492,0.498,0.505,0.493,0.511,0.482,0.481,0.478,0.509,0.512,0.508,0.5,0.488,0.498,0.503,0.497,0.495,0.518,0.493,0.519,0.522,0.524,0.505,0.475,0.529,0.505,0.501,0.507,0.509,0.49,0.534,0.512,0.503,0.503,0.477,0.486,0.523,0.507,0.496,0.494,0.478,0.524,0.486,0.5,0.488,0.519
0.478,0.495,0.504,0.505,0.492,0.504,0.499,0.494,0.514,0.482,0.51,0.48,0.531,0.5,0.488,0.501,0.516,0.493,0.507,0.526,0.493,0.484,0.466,0.487,0.496,0.511,0.485,0.502,0.5,0.518,0.531,0.477,0.498,0.525,0.487,0.511,0.468,0.497,0.496,0.515,0.509,0.514,0.488,0.513,0.498,0.482,0.497,0.51,0.505,0.482,0.493,0.502,0.514,0.497,0.51,0.534,0.524,0.487,0.489,0.494,0.523,0.48,0.489,0.485
0.516,0.51,0.494,0.505,0.505,0.509,0.542,0.49,0.473,0.49,0.514,0.512,0.498,0.504,0.515,0.518,0.52,0.48,0.486,0.519,0.521,0.51,0.51,0.498,0.48,0.49,0.489,0.51,0.502,0.497,0.487,0.496,0.497,0.498,0.507,0.499,0.505,0.483,0.491,0.489,0.507,0.505,0.526,0.512,0.521,0.505,0.477,0.472,0.516,0.507,0.501,0.51,0.499,0.5,0.501,0.487,0.48,0.5,0.503,0.51,0.516,0.494,0.489,0.507
0.518,0.446,0.519,0.506,0.511,0.486,0.522,0.514,0.494,0.48,0.482,0.511,0.493,0.47,0.507,0.481,0.488,0.495,0.481,0.516,0.5,0.507,0.502,0.482,0.494,0.503,0.496,0.503,0.515,0.485,0.493,0.465,0.507,0.527,0.49,0.505,0.511,0.511,0.499,0.478,0.52,0.518,0.488,0.479,0.508,0.517,0.474,0.486,0.488,0.472,0.483,0.517,0.501,0.521,0.548,0.492,0.534,0.474,0.495,0.526,0.484,0.49,0.504,0.515
0.516,0.519,0.498,0.487,0.509,0.485,0.496,0.488,0.515,0.489,0.497,0.5,0.492,0.472,0.518,0.529,0.507,0.488,0.499,0.494,0.485,0.501,0.504,0.479,0.492,0.515,0.531,0.521,0.509,0.522,0.523,0.49,0.483,0.517,0.511,0.517,0.513,0.498,0.516,0.492,0.504,0.538,0.49,0.503,0.517,0.513,0.515,0.507,0.485,0.491,0.531,0.5,0.513,0.516,0.473,0.502,0.455,0.502,0.515,0.496,0.499,0.481,0.523,0.499
0.502,0.504,0.502,0.494,0.512,0.495,0.495,0.543,0.501,0.508,0.528,0.487,0.515,0.511,0.512,0.476,0.512,0.518,0.539,0.502,0.491,0.523,0.481,0.469,0.493,0.516,0.508,0.517,0.485,0.502,0.513,0.516,0.506,0.495,0.52,0.478,0.501,0.5,0.483,0.504,0.486,0.522,0.513,0.524,0.518,0.478,0.551,0.476,0.502,0.493,0.501,0.516,0.54,0.486,0.501,0.48,0.512,0.515,0.509,0.524,0.49,0.491,0.523,0.508
0.498,0.493,0.506,0.508,0.511,0.485,0.485,0.528,0.498,0.495,0.492,0.504,0.504,0.52,0.486,0.509,0.49,0.5,0.501,0.497,0.506,0.493,0.479,0.51,0.5,0.484,0.528,0.511,0.496,0.486,0.508,0.485,0.47,0.467,0.482,0.506,0.49,0.476,0.52,0.494,0.495,0.491,0.522,0.505,0.483,0.482,0.532,0.498,0.515,0.513,0.497,0.485,0.528,0.486,0.502,0.489,0.51,0.506,0.492,0.487,0.489,0.49,0.516,0.499
0.517,0.496,0.481,0.504,0.521,0.508,0.512,0.495,0.5,0.498,0.482,0.518,0.534,0.5,0.527,0.519,0.48,0.492,0.516,0.486,0.479,0.491,0.512,0.495,0.45,0.504,0.487,0.484,0.501,0.488,0.513,0.491,0.485,0.519,0.503,0.516,0.489,0.51,0.507,0.518,0.488,0.519,0.493,0.511,0.508,0.501,0.491,0.521,0.501,0.467,0.493,0.504,0.497,0.477,0.508,0.497,0.488,0.506,0.5,0.488,0.544,0.513,0.509,0.501
0.514,0.493,0.502,0.531,0.526,0.506,0.516,0.49,0.502,0.51,0.493,0.496,0.5,0.517,0.498,0.509,0.503,0.522,0.501,0.496,0.529,0.538,0.497,0.506,0.513,0.513,0.507,0.554,0.522,0.515,0.495,0.487,0.469,0.489,0.504,0.518,0.513,0.515,0.511,0.492,0.508,0.505,0.505,0.497,0.464,0.493,0.501,0.513,0.474,0.467,0.475,0.502,0.511,0.495,0.521,0.471,0.504,0.469,0.516,0.476,0.474,0.5,0.499,0.481
0.483,0.498,0.52,0.506,0.49,0.509,0.478,0.503,0.474,0.506,0.471,0.513,0.498,0.517,0.517,0.498,0.526,0.543,0.491,0.503,0.486,0.489,0.51,0.476,0.479,0.506,0.485,0.483,0.489,0.51,0.5,0.491,0.506,0.466,0.471,0.488,0.504,0.513,0.515,0.531,0.462,0.499,0.505,0.524,0.483,0.485,0.528,0.503,0.519,0.512,0.497,0.49,0.51,0.501,0.508,0.504,0.495,0.492,0.493,0.494,0.495,0.514,0.516,0.497
0.506,0.48,0.494,0.524,0.513,0.492,0.507,0.495,0.503,0.484,0.505,0.484,0.495,0.484,0.499,0.516,0.524,0.47,0.508,0.523,0.476,0.53,0.489,0.505,0.523,0.49,0.495,0.469,0.491,0.496,0.49,0.529,0.497,0.473,0.502,0.477,0.497,0.489,0.503,0.473,0.497,0.477,0.483,0.508,0.476,0.502,0.503,0.511,0.49,0.479,0.5,0.49,0.503,0.5,0.487,0.528,0.505,0.478,0.51,0.501,0.506,0.492,0.501,0.514
0.456,0.493,0.484,0.511,0.51,0.483,0.514,0.509,0.505,0.505,0.502,0.499,0.484,0.508,0.497,0.49,0.515,0.524,0.514,0.543,0.511,0.489,0.487,0.493,0.488,0.508,0.497,0.494,0.469,0.491,0.522,0.49,0.507,0.489,0.486,0.492,0.509,0.503,0.499,0.504,0.512,0.474,0.499,0.5,0.478,0.493,0.499,0.505,0.507,0.514,0.502,0.501,0.508,0.467,0.493,0.496,0.526,0.512,0.515,0.492,0.487,0.502,0.49,0.498
0.5,0.52,0.518,0.486,0.502,0.5,0.492,0.489,0.512,0.471,0.52,0.464,0.505,0.494,0.52,0.476,0.499,0.48,0.493,0.487,0.51,0.493,0.525,0.511,0.477,0.525,0.524,0.467,0.514,0.507,0.502,0.458,0.514,0.475,0.487,0.506,0.516,0.454,0.493,0.504,0.469,0.5,0.517,0.51,0.469,0.481,0.475,0.493,0.472,0.505,0.515,0.497,0.482,0.514,0.511,0.486,0.489,0.538,0.507,0.481,0.485,0.492,0.491,0.533
0.503,0.496,0.5,0.497,0.509,0.517,0.53,0.502,0.502,0.496,0.535,0.5,0.501,0.494,0.496,0.519,0.526,0.49,0.484,0.482,0.483,0.463,0.484,0.506,0.512,0.456,0.501,0.502,0.512,0.518,0.503,0.481,0.481,0.492,0.496,0.511,0.481,0.5,0.485,0.502,0.494,0.487,0.49,0.489,0.494,0.514,0.512,0.492,0.471,0.52,0.463,0.499,0.522,0.493,0.508,0.497,0.509,0.478,0.491,0.504,0.515,0.505,0.49,0.506
0.514,0.516,0.488,0.491,0.482,0.519,0.499,0.494,0.518,0.503,0.494,0.514,0.543,0.511,0.487,0.525,0.497,0.512,0.499,0.484,0.51,0.514,0.489,0.515,0.504,0.493,0.499,0.519,0.476,0.499,0.508,0.489,0.499,0.485,0.525,0.516,0.509,0.491,0.491,0.516,0.52,0.5,0.517,0.483,0.51,0.493,0.507,0.517,0.512,0.49,0.511,0.509,0.502,0.49,0.525,0.483,0.497,0.507,0.49,0.488,0.477,0.494,0.531,0.515
0.52,0.492,0.515,0.501,0.463,0.479,0.501,0.482,0.488,0.474,0.466,0.497,0.498,0.505,0.51,0.513,0.493,0.492,0.495,0.484,0.503,0.507,0.469,0.5,0.518,0.498,0.497,0.494,0.527,0.502,0.511,0.527,0.483,0.47,0.476,0.519,0.473,0.478,0.472,0.482,0.468,0.495,0.514,0.54,0.484,0.473,0.497,0.531,0.511,0.454,0.491,0.51,0.5,0.516,0.511,0.53,0.49,0.464,0.509,0.494,0.497,0.501,0.503,0.485
0.488,0.518,0.519,0.504,0.498,0.491,0.504,0.506,0.506,0.489,0.508,0.507,0.501,0.509,0.481,0.5,0.498,0.491,0.513,0.509,0.495,0.486,0.528,0.487,0.487,0.494,0.483,0.502,0.486,0.528,0.506,0.507,0.485,0.509,0.496,0.518,0.488,0.501,0.459,0.485,0.51,0.51,0.501,0.52,0.49,0.51,0.513,0.514,0.495,0.5,0.479,0.483,0.478,0.529,0.507,0.501,0.513,0.471,0.522,0.505,0.506,0.507,0.481,0.482
0.501,0.472,0.508,0.485,0.495,0.52,0.51,0.507,0.496,0.452,0.486,0.505,0.497,0.5,0.498,0.475,0.502,0.511,0.463,0.496,0.505,0.489,0.516,0.518,0.507,0.476,0.471,0.5,0.475,0.504,0.503,0.511,0.504,0.514,0.49,0.499,0.493,0.517,0.509,0.52,0.489,0.509,0.508,0.502,0.484,0.495,0.482,0.51,0.461,0.512,0.507,0.488,0.498,0.518,0.5,0.52,0.513,0.48,0.51,0.518,0.48,0.496,0.486,0.482
0.531,0.476,0.509,0.517,0.498,0.494,0.52,0.467,0.512,0.499,0.499,0.497,0.518,0.486,0.5,0.507,0.48,0.5,0.484,0.49,0.505,0.505,0.464,0.476,0.513,0.497,0.529,0.532,0.5,0.494,0.494,0.513,0.518,0.495,0.496,0.514,0.518,0.499,0.496,0.494,0.526,0.49,0.503,0.529,0.476,0.496,0.493,0.484,0.51,0.487,0.5,0.49,0.491,0.49,0.501,0.497,0.508,0.489,0.507,0.512,0.475,0.471,0.506,0.503
0.486,0.469,0.49,0.517,0.523,0.482,0.526,0.508,0.501,0.509,0.536,0.466,0.495,0.485,0.511,0.475,0.497,0.486,0.516,0.531,0.528,0.53,0.495,0.466,0.488,0.478,0.512,0.497,0.475,0.492,0.516,0.498,0.484,0.518,0.502,0.536,0.509,0.49,0.485,0.508,0.472,0.48,0.497,0.468,0.492,0.501,0.488,0.514,0.48,0.498,0.506,0.49,0.525,0.496,0.513,0.5,0.491,0.511,0.511,0.506,0.492,0.481,0.468,0.481
0.49,0.51,0.484,0.504,0.502,0.529,0.509,0.514,0.482,0.512,0.502,0.49,0.509,0.513,0.482,0.491,0.516,0.49,0.495,0.493,0.495,0.464,0.498,0.517,0.469,0.506,0.529,0.501,0.51,0.472,0.483,0.509,0.501,0.506,0.505,0.49,0.514,0.495,0.513,0.497,0.504,0.506,0.496,0.492,0.486,0.475,0.493,0.498,0.483,0.508,0.512,0.521,0.457,0.492,0.503,0.519,0.496,0.503,0.519,0.473,0.497,0.507,0.512,0.493
0.507,0.519,0.499,0.491,0.505,0.528,0.494,0.481,0.477,0.519,0.512,0.51,0.528,0.506,0.476,0.468,0.506,0.493,0.499,0.489,0.516,0.492,0.503,0.506,0.517,0.518,0.504,0.49,0.513,0.512,0.485,0.486,0.488,0.491,0.517,0.503,0.497,0.506,0.502,0.518,0.505,0.472,0.513,0.482,0.488,0.495,0.488,0.502,0.519,0.454,0.514,0.504,0.51,0.5,0.486,0.519,0.493,0.521,0.506,0.471,0.498,0.486,0.52,0.493
0.495,0.48,0.488,0.52,0.485,0.489,0.488,0.509,0.516,0.488,0.506,0.507,0.475,0.483,0.471,0.496,0.481,0.472,0.497,0.492,0.52,0.518,0.518,0.502,0.509,0.498,0.477,0.476,0.479,0.51,0.48,0.51,0.492,0.524,0.507,0.512,0.477,0.515,0.493,0.534,0.504,0.491,0.511,0.473,0.495,0.506,0.51,0.492,0.496,0.5,0.476,0.53,0.511,0.492,0.505,0.509,0.526,0.492,0.494,0.521,0.5,0.478,0.497,0.55
0.475,0.482,0.502,0.508,0.512,0.49,0.471,0.486,0.5,0.486,0.52,0.506,0.501,0.485,0.509,0.499,0.51,0.481,0.49,0.498,0.524,0.482,0.516,0.48,0.523,0.5,0.492,0.485,0.504,0.468,0.512,0.484,0.512,0.509,0.496,0.52,0.5,0.506,0.472,0.501,0.493,0.514,0.515,0.501,0.502,0.509,0.472,0.528,0.479,0.499,0.511,0.487,0.504,0.482,0.51,0.523,0.504,0.497,0.51,0.506,0.502,0.486,0.516,0.501
0.505,0.497,0.509,0.486,0.51,0.513,0.496,0.51,0.498,0.525,0.501,0.475,0.52,0.504,0.496,0.502,0.527,0.494,0.469,0.485,0.507,0.491,0.504,0.503,0.505,0.488,0.491,0.509,0.492,0.497,0.498,0.507,0.494,0.494,0.491,0.479,0.475,0.502,0.489,0.496,0.51,0.526,0.482,0.524,0.497,0.496,0.494,0.51,0.483,0.51,0.506,0.505,0.521,0.481,0.48,0.503,0.512,0.506,0.494,0.512,0.513,0.514,0.486,0.518
0.505,0.494,0.502,0.496,0.489,0.476,0.508,0.507,0.497,0.494,0.524,0.497,0.484,0.484,0.494,0.483,0.495,0.533,0.476,0.499,0.495,0.52,0.493,0.506,0.51,0.489,0.508,0.495,0.496,0.513,0.501,0.476,0.498,0.511,0.49,0.502,0.511,0.494,0.509,0.473,0.519,0.504,0.507,0.479,0.493,0.5,0.524,0.489,0.501,0.508,0.531,0.49,0.488,0.514,0.495,0.498,0.516,0.501,0.515,0.502,0.481,0.499,0.485,0.483
0.499,0.489,0.505,0.501,0.488,0.49,0.513,0.511,0.535,0.482,0.511,0.485,0.487,0.484,0.482,0.522,0.492,0.49,0.514,0.499,0.49,0.5,0.465,0.461,0.513,0.469,0.511,0.553,0.497,0.509,0.467,0.502,0.51,0.508,0.471,0.5,0.473,0.509,0.497,0.485,0.477,0.517,0.511,0.537,0.501,0.508,0.478,0.51,0.488,0.486,0.515,0.502,0.477,0.477,0.491,0.483,0.492,0.479,0.515,0.511,0.539,0.474,0.503,0.518
0.463,0.478,0.505,0.473,0.498,0.496,0.471,0.501,0.47,0.492,0.511,0.489,0.51,0.518,0.497,0.491,0.504,0.513,0.503,0.512,0.509,0.502,0.495,0.518,0.497,0.5,0.47,0.507,0.53,0.497,0.51,0.491,0.498,0.503,0.517,0.5,0.494,0.52,0.486,0.489,0.51,0.503,0.512,0.479,0.495,0.51,0.493,0.488,0.51,0.531,0.491,0.498,0.487,0.519,0.468,0.503,0.526,0.495,0.498,0.484,0.478,0.465,0.546,0.528
0.49,0.513,0.487,0.537,0.501,0.48,0.506,0.479,0.487,0.484,0.494,0.532,0.476,0.529,0.491,0.504,0.519,0.517,0.505,0.527,0.499,0.521,0.502,0.501,0.518,0.521,0.515,0.493,0.499,0.52,0.495,0.504,0.5,0.489,0.491,0.521,0.501,0.51,0.471,0.494,0.508,0.511,0.5,0.495,0.512,0.527,0.488,0.498,0.478,0.51,0.477,0.493,0.493,0.494,0.512,0.512,0.504,0.503,0.472,0.514,0.509,0.522,0.512,0.468
0.512,0.525,0.48,0.496,0.487,0.504,0.471,0.499,0.507,0.534,0.497,0.507,0.495,0.493,0.496,0.486,0.524,0.505,0.48,0.525,0.5,0.533,0.507,0.535,0.468,0.514,0.521,0.52,0.462,0.515,0.53,0.477,0.5,0.489,0.485,0.515,0.508,0.521,0.509,0.501,0.493,0.496,0.492,0.475,0.508,0.468,0.522,0.467,0.501,0.48,0.49,0.528,0.508,0.48,0.497,0.51,0.485,0.518,0.505,0.483,0.495,0.495,0.507,0.533
0.497,0.511,0.501,0.487,0.53,0.5,0.493,0.479,0.509,0.497,0.516,0.527,0.515,0.505,0.517,0.494,0.496,0.494,0.486,0.534,0.487,0.501,0.508,0.507,0.511,0.494,0.487,0.484,0.488,0.517,0.483,0.52,0.508,0.489,0.514,0.487,0.534,0.504,0.49,0.499,0.502,0.482,0.507,0.497,0.473,0.492,0.529,0.532,0.497,0.503,0.527,0.494,0.456,0.499,0.495,0.474,0.509,0.507,0.497,0.477,0.515,0.494,0.474,0.506
0.484,0.53,0.495,0.492,0.508,0.498,0.507,0.501,0.517,0.491,0.505,0.503,0.479,0.5,0.487,0.509,0.528,0.514,0.536,0.512,0.498,0.514,0.502,0.499,0.496,0.475,0.503,0.528,0.477,0.537,0.491,0.508,0.49,0.519,0.519,0.481,0.489,0.495,0.492,0.507,0.497,0.495,0.508,0.486,0.491,0.476,0.503,0.486,0.517,0.48,0.503,0.483,0.472,0.491,0.495,0.513,0.523,0.501,0.479,0.524,0.509,0.49,0.499,0.504
0.499,0.499,0.505,0.544,0.498,0.474,0.498,0.523,0.486,0.493,0.515,0.49,0.489,0.483,0.5,0.485,0.499,0.503,0.499,0.498,0.479,0.535,0.493,0.503,0.5,0.513,0.5,0.498,0.499,0.504,0.478,0.488,0.497,0.538,0.478,0.478,0.51,0.493,0.473,0.516,0.502,0.509,0.52,0.487,0.503,0.514,0.51,0.486,0.514,0.506,0.466,0.506,0.504,0.494,0.502,0.493,0.49,0.534,0.493,0.516,0.527,0.518,0.492,0.51
0.487,0.493,0.491,0.483,0.501,0.494,0.481,0.482,0.516,0.504,0.511,0.528,0.504,0.511,0.496,0.508,0.489,0.5,0.506,0.506,0.482,0.517,0.52,0.498,0.482,0.495,0.513,0.512,0.499,0.497,0.505,0.507,0.537,0.492,0.511,0.492,0.493,0.521,0.514,0.495,0.507,0.517,0.523,0.503,0.487,0.513,0.496,0.49,0.493,0.52,0.483,0.489,0.515,0.506,0.507,0.493,0.504,0.529,0.49,0.47,0.508,0.528,0.518,0.482
0.482,0.494,0.488,0.495,0.495,0.529,0.469,0.5,0.518,0.545,0.489,0.502,0.469,0.486,0.525,0.497,0.516,0.499,0.509,0.488,0.522,0.478,0.491,0.5,0.483,0.506,0.483,0.512,0.522,0.495,0.513,0.526,0.507,0.509,0.499,0.517,0.507,0.497,0.501,0.486,0.491,0.514,0.485,0.516,0.513,0.505,0.513,0.508,0.487,0.499,0.478,0.49,0.489,0.517,0.495,0.503,0.529,0.477,0.494,0.498,0.477,0.49,0.504,0.498
0.483,0.511,0.517,0.521,0.499,0.51,0.509,0.51,0.506,0.475,0.481,0.511,0.502,0.472,0.524,0.494,0.498,0.512,0.499,0.505,0.488,0.512,0.516,0.496,0.489,0.494,0.48,0.483,0.492,0.508,0.528,0.497,0.482,0.501,0.474,0.522,0.505,0.493,0.509,0.496,0.495,0.498,0.509,0.505,0.504,0.498,0.487,0.506,0.522,0.492,0.486,0.503,0.519,0.497,0.496,0.49,0.537,0.502,0.504,0.497,0.533,0.489,0.482,0.492
0.535,0.509,0.514,0.485,0.486,0.504,0.5,0.491,0.524,0.524,0.471,0.502,0.503,0.493,0.507,0.474,0.456,0.5,0.499,0.493,0.507,0.49,0.474,0.536,0.493,0.512,0.521,0.514,0.516,0.515,0.512,0.496,0.532,0.538,0.491,0.518,0.487,0.486,0.518,0.484,0.512,0.498,0.501,0.498,0.494,0.504,0.5,0.508,0.503,0.5,0.489,0.491,0.486,0.512,0.518,0.526,0.486,0.487,0.489,0.496,0.539,0.501,0.496,0.494
0.514,0.488,0.522,0.489,0.493,0.501,0.492,0.472,0.485,0.488,0.484,0.526,0.499,0.49,0.517,0.496,0.509,0.504,0.495,0.496,0.479,0.479,0.498,0.481,0.512,0.482,0.512,0.5,0.488,0.504,0.495,0.485,0.505,0.475,0.512,0.496,0.509,0.506,0.524,0.5,0.524,0.482,0.48,0.511,0.494,0.472,0.514,0.485,0.515,0.508,0.49,0.498,0.51,0.493,0.501,0.492,0.521,0.505,0.5,0.481,0.509,0.491,0.489,0.498
0.505,0.508,0.503,0.501,0.491,0.505,0.499,0.515,0.528,0.491,0.516,0.493,0.516,0.523,0.49,0.447,0.517,0.508,0.498,0.516,0.475,0.478,0.509,0.502,0.484,0.506,0.494,0.527,0.507,0.511,0.506,0.497,0.495,0.495,0.504,0.5,0.507,0.525,0.499,0.517,0.488,0.494,0.489,0.496,0.528,0.475,0.496,0.502,0.507,0.509,0.516,0.503,0.485,0.496,0.5,0.475,0.48,0.493,0.506,0.487,0.525,0.535,0.513,0.496
0.486,0.526,0.516,0.502,0.513,0.503,0.509,0.492,0.514,0.509,0.48,0.52,0.495,0.509,0.514,0.496,0.521,0.458,0.509,0.516,0.517,0.492,0.509,0.496,0.529,0.485,0.502,0.481,0.48,0.528,0.508,0.506,0.504,0.497,0.498,0.533,0.502,0.496,0.513,0.49,0.493,0.528,0.495,0.481,0.508,0.474,0.488,0.494,0.516,0.507,0.479,0.506,0.5,0.488,0.511,0.482,0.482,0.508,0.51,0.509,0.516,0.477,0.507,0.503
0.468,0.519,0.507,0.487,0.492,0.503,0.512,0.51,0.473,0.467,0.494,0.521,0.504,0.506,0.468,0.46,0.516,0.471,0.517,0.502,0.508,0.471,0.52,0.502,0.49,0.528,0.528,0.5,0.51,0.508,0.515,0.513,0.523,0.502,0.474,0.512,0.521,0.501,0.496,0.494,0.515,0.491,0.499,0.511,0.481,0.516,0.504,0.527,0.499,0.508,0.508,0.496,0.497,0.508,0.492,0.494,0.508,0.48,0.476,0.495,0.479,0.481,0.509,0.518
0.515,0.492,0.497,0.471,0.497,0.483,0.526,0.48,0.51,0.489,0.518,0.496,0.489,0.485,0.475,0.517,0.497,0.498,0.504,0.471,0.478,0.487,0.529,0.499,0.5,0.493,0.503,0.496,0.538,0.516,0.484,0.512,0.499,0.482,0.532,0.473,0.5,0.492,0.502,0.477,0.487,0.495,0.515,0.494,0.503,0.489,0.519,0.488,0.518,0.493,0.479,0.489,0.483,0.511,0.492,0.49,0.496,0.492,0.479,0.519,0.488,0.482,0.507,0.491
0.493,0.506,0.492,0.501,0.517,0.511,0.49,0.484,0.475,0.517,0.511,0.492,0.489,0.497,0.512,0.486,0.494,0.514,0.491,0.489,0.514,0.502,0.493,0.503,0.494,0.486,0.489,0.475,0.506,0.484,0.496,0.479,0.5,0.511,0.507,0.51,0.507,0.483,0.47,0.512,0.474,0.476,0.506,0.478,0.516,0.512,0.5,0.525,0.483,0.502,0.485,0.473,0.525,0.503,0.495,0.515,0.498,0.48,0.5,0.52,0.521,0.496,0.49,0.489
0.502,0.487,0.501,0.502,0.511,0.518,0.5,0.482,0.499,0.532,0.511,0.465,0.511,0.493,0.527,0.525,0.495,0.493,0.504,0.504,0.501,0.513,0.495,0.506,0.497,0.481,0.519,0.526,0.525,0.504,0.484,0.492,0.517,0.506,0.51,0.498,0.527,0.522,0.496,0.499,0.469,0.491,0.519,0.504,0.483,0.485,0.504,0.521,0.477,0.516,0.491,0.493,0.483,0.494,0.474,0.49,0.491,0.472,0.495,0.52,0.473,0.523,0.506,0.515
0.466,0.522,0.49,0.509,0.525,0.526,0.489,0.496,0.501,0.48,0.495,0.513,0.492,0.521,0.492,0.508,0.49,0.505,0.511,0.466,0.514,0.478,0.504,0.483,0.512,0.477,0.488,0.497,0.511,0.514,0.488,0.497,0.51,0.501,0.509,0.525,0.497,0.502,0.499,0.494,0.519,0.509,0.514,0.497,0.518,0.518,0.507,0.486,0.512,0.508,0.503,0.519,0.52,0.517,0.512,0.484,0.47,0.508,0.518,0.503,0.482,0.518,0.483,0.505
0.496,0.514,0.482,0.525,0.498,0.524,0.495,0.503,0.524,0.515,0.481,0.509,0.513,0.511,0.479,0.521,0.533,0.508,0.509,0.49,0.494,0.49,0.483,0.512,0.518,0.515,0.481,0.5,0.519,0.508,0.514,0.504,0.487,0.509,0.534,0.508,0.493,0.505,0.53,0.528,0.501,0.501,0.503,0.492,0.508,0.465,0.498,0.505,0.485,0.522,0.491,0.508,0.489,0.493,0.517,0.499,0.502,0.49,0.486,0.485,0.5,0.51,0.498,0.515
0.484,0.496,0.497,0.52,0.525,0.464,0.538,0.494,0.519,0.506,0.486,0.501,0.534,0.524,0.508,0.511,0.47,0.503,0.48,0.486,0.495,0.502,0.491,0.49,0.509,0.487,0.493,0.472,0.519,0.502,0.49,0.493,0.512,0.461,0.473,0.508,0.487,0.516,0.517,0.485,0.49,0.508,0.501,0.517,0.497,0.482,0.469,0.517,0.516,0.496,0.516,0.513,0.518,0.489,0.506,0.518,0.498,0.503,0.526,0.517,0.494,0.503,0.505,0.488
0.472,0.517,0.489,0.484,0.474,0.492,0.489,0.489,0.511,0.478,0.496,0.515,0.512,0.493,0.492,0.491,0.486,0.497,0.52,0.496,0.488,0.482,0.506,0.491,0.52,0.52,0.498,0.483,0.503,0.521,0.509,0.509,0.51,0.523,0.51,0.472,0.531,0.505,0.515,0.499,0.509,0.488,0.486,0.491,0.525,0.508,0.526,0.485,0.51,0.509,0.484,0.508,0.497,0.498,0.53,0.507,0.499,0.498,0.504,0.49,0.502,0.496,0.508,0.506
0.491,0.534,0.499,0.49,0.496,0.509,0.485,0.461,0.527,0.483,0.482,0.494,0.463,0.491,0.495,0.521,0.466,0.514,0.512,0.504,0.468,0.526,0.503,0.497,0.485,0.5,0.478,0.491,0.532,0.492,0.495,0.485,0.499,0.501,0.491,0.489,0.502,0.508,0.497,0.457,0.516,0.521,0.499,0.477,0.493,0.488,0.513,0.504,0.511,0.503,0.515,0.529,0.456,0.479,0.478,0.497,0.506,0.496,0.499,0.502,0.52,0.5,0.519,0.49
0.49,0.49,0.502,0.486,0.533,0.497,0.512,0.511,0.521,0.514,0.487,0.47,0.522,0.473,0.497,0.494,0.486,0.512,0.513,0.491,0.508,0.484,0.509,0.48,0.494,0.511,0.482,0.502,0.519,0.509,0.518,0.498,0.504,0.499,0.515,0.505,0.513,0.516,0.486,0.509,0.48,0.483,0.497,0.475,0.502,0.538,0.503,0.504,0.505,0.507,0.495,0.507,0.515,0.46,0.497,0.512,0.522,0.513,0.501,0.474,0.494,0.506,0.493,0.528
0.514,0.477,0.475,0.482,0.477,0.511,0.484,0.527,0.501,0.505,0.489,0.492,0.501,0.501,0.487,0.497,0.481,0.529,0.514,0.515,0.477,0.516,0.53,0.496,0.543,0.48,0.483,0.496,0.497,0.51,0.485,0.507,0.519,0.511,0.48,0.533,0.481,0.486,0.498,0.541,0.489,0.507,0.501,0.475,0.524,0.514,0.497,0.511,0.482,0.52,0.497,0.522,0.49,0.49,0.496,0.505,0.53,0.516,0.495,0.497,0.487,0.509,0.468,0.5
0.501,0.477,0.483,0.504,0.509,0.505,0.519,0.504,0.508,0.493,0.499,0.518,0.5,0.471,0.503,0.495,0.508,0.487,0.489,0.502,0.524,0.52,0.501,0.501,0.463,0.505,0.493,0.498,0.523,0.503,0.515,0.483,0.49,0.472,0.488,0.518,0.507,0.5,0.517,0.498,0.499,0.514,0.489,0.481,0.482,0.481,0.533,0.502,0.488,0.498,0.507,0.499,0.5,0.493,0.483,0.502,0.499,0.491,0.493,0.527,0.497,0.497,0.493,0.509
0.513,0.483,0.532,0.464,0.494,0.503,0.5,0.492,0.512,0.497,0.462,0.503,0.505,0.5,0.515,0.492,0.493,0.502,0.504,0.498,0.532,0.476,0.521,0.499,0.504,0.501,0.499,0.495,0.504,0.509,0.486,0.503,0.534,0.503,0.478,0.5,0.514,0.495,0.491,0.54,0.519,0.485,0.466,0.499,0.507,0.499,0.475,0.475,0.503,0.488,0.509,0.477,0.488,0.495,0.502,0.481,0.505,0.514,0.503,0.482,0.464,0.495,0.475,0.503
0.518,0.501,0.508,0.491,0.5,0.475,0.478,0.502,0.501,0.497,0.506,0.503,0.488,0.483,0.501,0.508,0.498,0.505,0.493,0.51,0.519,0.486,0.507,0.482,0.48,0.524,0.499,0.487,0.46,0.505,0.49,0.493,0.499,0.466,0.516,0.51,0.501,0.475,0.498,0.49,0.492,0.488,0.496,0.537,0.493,0.481,0.493,0.484,0.499,0.52,0.515,0.491,0.522,0.506,0.501,0.515,0.515,0.518,0.512,0.506,0.508,0.523,0.489,0.485
0.517,0.497,0.485,0.511,0.531,0.516,0.507,0.525,0.492,0.487,0.52,0.5,0.471,0.465,0.531,0.494,0.502,0.499,0.504,0.51,0.506,0.496,0.507,0.498,0.508,0.487,0.496,0.513,0.491,0.482,0.511,0.512,0.501,0.487,0.525,0.505,0.505,0.488,0.502,0.485,0.51,0.498,0.466,0.496,0.514,0.478,0.492,0.5,0.499,0.501,0.501,0.47,0.492,0.511,0.493,0.516,0.49,0.525,0.522,0.492,0.496,0.47,0.479,0.496
0.461,0.485,0.511,0.48,0.508,0.513,0.499,0.475,0.498,0.5,0.485,0.508,0.476,0.502,0.502,0.511,0.501,0.498,0.499,0.505,0.525,0.496,0.495,0.516,0.481,0.471,0.512,0.482,0.515,0.491,0.494,0.489,0.487,0.488,0.503,0.52,0.488,0.506,0.486,0.536,0.495,0.474,0.487,0.51,0.486,0.527,0.498,0.497,0.521,0.501,0.51,0.493,0.505,0.5,0.478,0.497,0.514,0.532,0.502,0.499,0.502,0.498,0.494,0.501
0.495,0.497,0.468,0.497,0.526,0.499,0.51,0.477,0.505,0.533,0.485,0.486,0.503,0.501,0.502,0.487,0.499,0.482,0.49,0.48,0.509,0.5,0.485,0.503,0.504,0.514,0.491,0.511,0.518,0.513,0.489,0.499,0.491,0.485,0.501,0.467,0.482,0.496,0.479,0.486,0.495,0.511,0.522,0.494,0.495,0.522,0.507,0.509,0.503,0.53,0.491,0.502,0.484,0.489,0.513,0.534,0.481,0.49,0.471,0.507,0.499,0.498,0.494,0.517
0.495,0.493,0.52,0.479,0.524,0.497,0.468,0.49,0.514,0.51,0.527,0.503,0.461,0.51,0.473,0.504,0.51,0.513,0.515,0.484,0.498,0.473,0.503,0.52,0.508,0.495,0.483,0.502,0.504,0.494,0.492,0.494,0.506,0.53,0.502,0.485,0.492,0.528,0.493,0.516,0.488,0.501,0.496,0.506,0.475,0.492,0.495,0.52,0.481,0.52,0.499,0.497,0.502,0.508,0.501,0.498,0.498,0.518,0.491,0.523,0.503,0.495,0.503,0.501
0.506,0.522,0.5,0.513,0.509,0.502,0.484,0.501,0.504,0.482,0.492,0.501,0.52,0.504,0.484,0.496,0.523,0.506,0.487,0.523,0.44,0.514,0.478,0.477,0.496,0.507,0.498,0.499,0.481,0.468,0.504,0.518,0.49,0.497,0.495,0.516,0.513,0.479,0.483,0.531,0.502,0.494,0.505,0.509,0.493,0.511,0.519,0.454,0.503,0.509,0.507,0.498,0.536,0.491,0.498,0.515,0.494,0.494,0.508,0.497,0.5,0.513,0.503,0.511
0.472,0.477,0.499,0.493,0.481,0.509,0.492,0.497,0.512,0.493,0.482,0.507,0.492,0.503,0.528,0.504,0.502,0.49,0.496,0.483,0.483,0.492,0.485,0.519,0.502,0.506,0.525,0.475,0.491,0.475,0.513,0.52,0.496,0.501,0.478,0.495,0.474,0.482,0.492,0.49,0.51,0.492,0.508,0.507,0.521,0.479,0.512,0.485,0.465,0.516,0.504,0.521,0.499,0.513,0.496,0.524,0.491,0.487,0.506,0.489,0.518,0.482,0.5,0.522
0.511,0.51,0.51,0.502,0.505,0.51,0.489,0.481,0.525,0.52,0.489,0.52,0.495,0.521,0.485,0.505,0.512,0.508,0.478,0.476,0.528,0.528,0.524,0.533,0.463,0.517,0.504,0.504,0.496,0.499,0.528,0.499,0.503,0.486,0.49,0.504,0.509,0.488,0.479,0.515,0.525,0.519,0.505,0.485,0.498,0.475,0.513,0.49,0.521,0.5,0.511,0.496,0.483,0.505,0.516,0.516,0.506,0.502,0.519,0.52,0.503,0.49,0.513,0.495
0.5,0.499,0.501,0.497,0.526,0.502,0.467,0.516,0.48,0.507,0.504,0.498,0.507,0.478,0.515,0.502,0.503,0.498,0.536,0.486,0.496,0.509,0.515,0.499,0.478,0.491,0.513,0.48,0.479,0.479,0.514,0.497,0.511,0.495,0.512,0.48,0.505,0.481,0.478,0.507,0.534,0.5,0.511,0.489,0.489,0.503,0.538,0.507,0.493,0.501,0.496,0.51,0.528,0.507,0.496,0.495,0.518,0.493,0.483,0.493,0.494,0.506,0.5,0.472
0.496,0.488,0.506,0.477,0.49,0.492,0.476,0.514,0.503,0.498,0.501,0.487,0.502,0.487,0.475,0.502,0.524,0.523,0.499,0.496,0.493,0.502,0.503,0.498,0.519,0.462,0.485,0.509,0.501,0.473,0.483,0.516,0.517,0.514,0.487,0.534,0.5,0.496,0.491,0.524,0.521,0.517,0.508,0.502,0.485,0.503,0.506,0.504,0.49,0.511,0.47,0.463,0.493,0.472,0.497,0.514,0.483,0.516,0.484,0.508,0.489,0.52,0.495,0.487
0.517,0.516,0.479,0.497,0.516,0.53,0.496,0.513,0.504,0.5,0.477,0.497,0.518,0.511,0.486,0.53,0.488,0.502,0.5,0.493,0.469,0.5,0.506,0.519,0.515,0.518,0.495,0.498,0.459,0.521,0.508,0.482,0.497,0.477,0.506,0.518,0.515,0.497,0.491,0.483,0.497,0.479,0.486,0.477,0.487,0.511,0.533,0.487,0.489,0.527,0.517,0.493,0.493,0.516,0.493,0.511,0.515,0.488,0.519,0.508,0.472,0.516,0.514,0.499
0.51,0.478,0.457,0.489,0.482,0.506,0.495,0.507,0.484,0.481,0.501,0.492,0.5,0.498,0.49,0.508,0.488,0.503,0.504,0.49,0.497,0.511,0.539,0.49,0.521,0.503,0.511,0.503,0.461,0.501,0.51,0.494,0.481,0.501,0.505,0.507,0.536,0.522,0.505,0.498,0.49,0.51,0.487,0.502,0.515,0.511,0.545,0.5,0.489,0.516,0.478,0.516,0.529,0.496,0.482,0.518,0.491,0.484,0.492,0.502,0.514,0.499,0.491,0.521
0.483,0.502,0.538,0.505,0.49,0.518,0.513,0.505,0.532,0.539,0.494,0.49,0.505,0.497,0.502,0.513,0.479,0.501,0.497,0.496,0.509,0.515,0.497,0.502,0.501,0.48,0.497,0.521,0.521,0.53,0.487,0.497,0.495,0.494,0.515,0.512,0.503,0.525,0.469,0.513,0.509,0.504,0.515,0.49,0.518,0.494,0.506,0.507,0.499,0.52,0.508,0.497,0.487,0.486,0.493,0.534,0.49,0.523,0.518,0.512,0.519,0.507,0.514,0.504
0.516,0.508,0.481,0.487,0.514,0.501,0.507,0.505,0.5,0.478,0.508,0.496,0.489,0.492,0.523,0.496,0.504,0.493,0.516,0.523,0.523,0.521,0.506,0.5,0.487,0.493,0.504,0.474,0.507,0.49,0.53,0.507,0.501,0.487,0.515,0.5,0.493,0.499,0.471,0.504,0.471,0.478,0.486,0.499,0.507,0.507,0.506,0.503,0.518,0.509,0.503,0.482,0.507,0.545,0.517,0.498,0.484,0.507,0.495,0.501,0.512,0.473,0.521,0.505
0.508,0.496,0.481,0.473,0.483,0.509,0.495,0.494,0.527,0.496,0.506,0.518,0.484,0.51,0.487,0.487,0.519,0.49,0.499,0.494,0.517,0.503,0.511,0.498,0.506,0.515,0.493,0.499,0.503,0.516,0.522,0.502,0.522,0.51,0.519,0.477,0.485,0.508,0.502,0.5,0.497,0.464,0.486,0.522,0.503,0.489,0.496,0.521,0.511,0.476,0.487,0.465,0.503,0.518,0.501,0.481,0.503,0.484,0.491,0.505,0.523,0.492,0.491,0.5
0.501,0.51,0.493,0.484,0.501,0.493,0.485,0.507,0.527,0.475,0.487,0.523,0.511,0.521,0.522,0.525,0.504,0.489,0.531,0.485,0.507,0.499,0.493,0.503,0.504,0.487,0.5,0.512,0.504,0.529,0.505,0.466,0.513,0.471,0.519,0.502,0.482,0.517,0.512,0.494,0.512,0.45,0.508,0.506,0.512,0.509,0.477,0.521,0.51,0.497,0.517,0.494,0.5,0.504,0.537,0.518,0.501,0.499,0.494,0.518,0.5,0.496,0.518,0.522
0.486,0.515,0.502,0.496,0.473,0.528,0.496,0.488,0.502,0.522,0.493,0.487,0.484,0.499,0.478,0.478,0.5,0.507,0.513,0.515,0.471,0.51,0.483,0.506,0.529,0.506,0.524,0.497,0.509,0.492,0.504,0.501,0.507,0.507,0.495,0.51,0.495,0.496,0.507,0.524,0.497,0.5,0.495,0.528,0.512,0.514,0.521,0.495,0.492,0.514,0.506,0.495,0.5,0.509,0.499,0.488,0.481,0.5,0.495,0.504,0.476,0.494,0.493,0.49
0.5,0.481,0.505,0.532,0.502,0.517,0.529,0.511,0.5,0.484,0.52,0.486,0.494,0.481,0.518,0.532,0.518,0.494,0.502,0.512,0.514,0.514,0.493,0.506,0.486,0.489,0.504,0.474,0.519,0.521,0.505,0.473,0.511,0.505,0.503,0.527,0.465,0.503,0.52,0.495,0.465,0.494,0.517,0.528,0.521,0.53,0.506,0.525,0.51,0.517,0.454,0.495,0.483,0.516,0.497,0.481,0.48,0.5,0.532,0.508,0.499,0.483,0.5,0.465
0.513,0.51,0.488,0.498,0.493,0.517,0.519,0.488,0.507,0.493,0.467,0.46,0.489,0.505,0.486,0.469,0.486,0.485,0.512,0.494,0.511,0.483,0.513,0.508,0.514,0.504,0.487,0.503,0.494,0.503,0.486,0.546,0.502,0.484,0.504,0.485,0.513,0.509,0.491,0.489,0.499,0.466,0.533,0.466,0.519,0.496,0.492,0.501,0.518,0.517,0.51,0.498,0.522,0.496,0.473,0.483,0.509,0.493,0.475,0.509,0.497,0.524,0.488,0.515
0.505,0.487,0.507,0.498,0.472,0.471,0.472,0.474,0.498,0.49,0.493,0.491,0.52,0.481,0.494,0.501,0.509,0.481,0.504,0.5,0.5,0.505,0.521,0.491,0.519,0.47,0.512,0.486,0.495,0.469,0.463,0.474,0.5,0.54,0.52,0.502,0.521,0.525,0.501,0.5,0.487,0.496,0.499,0.499,0.503,0.5,0.505,0.521,0.516,0.516,0.479,0.533,0.511,0.506,0.464,0.494,0.516,0.487,0.494,0.494,0.516,0.492,0.491,0.493
0.476,0.498,0.499,0.481,0.519,0.487,0.52,0.503,0.466,0.465,0.49,0.49,0.501,0.488,0.488,0.513,0.471,0.496,0.506,0.451,0.505,0.46,0.506,0.515,0.498,0.505,0.496,0.512,0.486,0.485,0.481,0.508,0.51,0.485,0.503,0.489,0.496,0.524,0.504,0.49,0.476,0.519,0.521,0.492,0.513,0.487,0.523,0.477,0.53,0.495,0.488,0.506,0.488,0.489,0.49,0.487,0.53,0.513,0.505,0.515,0.515,0.517,0.517,0.488
0.511,0.513,0.498,0.504,0.505,0.495,0.51,0.513,0.479,0.508,0.51,0.486,0.51,0.507,0.512,0.499,0.489,0.521,0.492,0.485,0.499,0.466,0.488,0.481,0.488,0.51,0.482,0.494,0.501,0.483,0.493,0.511,0.5,0.504,0.467,0.492,0.501,0.494,0.48,0.51,0.516,0.498,0.502,0.497,0.518,0.507,0.507,0.484,0.475,0.489,0.481,0.485,0.503,0.488,0.512,0.498,0.501,0.52,0.484,0.491,0.49,0.491,0.499,0.507
0.483,0.481,0.503,0.493,0.508,0.52,0.508,0.496,0.512,0.519,0.522,0.504,0.492,0.527,0.496,0.501,0.479,0.511,0.508,0.492,0.529,0.509,0.49,0.509,0.497,0.514,0.49,0.464,0.491,0.489,0.491,0.518,0.521,0.506,0.491,0.513,0.496,0.482,0.494,0.492,0.517,0.511,0.504,0.527,0.475,0.491,0.508,0.492,0.518,0.505,0.507,0.495,0.49,0.523,0.496,0.493,0.486,0.531,0.525,0.485,0.469,0.509,0.514,0.494
0.492,0.5,0.5,0.515,0.507,0.501,0.474,0.481,0.524,0.505,0.502,0.488,0.501,0.503,0.504,0.485,0.483,0.5,0.529,0.487,0.495,0.484,0.528,0.472,0.505,0.49,0.488,0.517,0.523,0.479,0.489,0.51,0.477,0.484,0.491,0.513,0.493,0.525,0.493,0.497,0.49,0.48,0.511,0.51,0.518,0.509,0.479,0.511,0.503,0.5,0.516,0.518,0.504,0.512,0.49,0.525,0.506,0.501,0.522,0.52,0.5,0.493,0.505,0.497
0.489,0.475,0.517,0.505,0.522,0.493,0.471,0.48,0.514,0.504,0.514,0.508,0.504,0.51,0.486,0.496,0.521,0.485,0.499,0.517,0.508,0.495,0.507,0.499,0.476,0.515,0.52,0.497,0.514,0.491,0.512,0.503,0.497,0.522,0.47,0.496,0.517,0.507,0.515,0.491,0.5,0.513,0.489,0.507,0.498,0.516,0.511,0.509,0.5,0.518,0.486,0.492,0.493,0.512,0.503,0.472,0.479,0.506,0.49,0.48,0.477,0.506,0.47,0.503
0.476,0.498,0.486,0.507,0.493,0.497,0.513,0.492,0.486,0.478,0.494,0.51,0.511,0.504,0.52,0.483,0.486,0.493,0.504,0.499,0.51,0.545,0.52,0.514,0.523,0.521,0.51,0.481,0.513,0.521,0.466,0.52,0.523,0.477,0.525,0.502,0.501,0.493,0.479,0.493,0.49,0.514,0.51,0.504,0.515,0.492,0.517,0.517,0.506,0.469,0.488,0.502,0.512,0.521,0.493,0.509,0.496,0.499,0.522,0.526,0.51,0.492,0.511,0.493
0.502,0.496,0.468,0.495,0.508,0.517,0.499,0.489,0.507,0.5,0.495,0.496,0.499,0.507,0.485,0.516,0.538,0.501,0.475,0.492,0.474,0.477,0.504,0.518,0.494,0.496,0.509,0.503,0.494,0.489,0.526,0.5,0.48,0.519,0.496,0.513,0.487,0.483,0.51,0.488,0.507,0.486,0.49,0.507,0.494,0.527,0.509,0.539,0.512,0.53,0.543,0.494,0.493,0.5,0.511,0.492,0.526,0.538,0.484,0.512,0.49,0.476,0.493,0.486
0.498,0.499,0.477,0.516,0.502,0.532,0.517,0.49,0.498,0.485,0.497,0.5,0.516,0.499,0.491,0.514,0.51,0.499,0.517,0.494,0.51,0.506,0.507,0.52,0.492,0.533,0.501,0.5,0.511,0.514,0.499,0.48,0.498,0.534,0.51,0.494,0.483,0.503,0.521,0.495,0.511,0.485,0.502,0.518,0.484,0.507,0.467,0.476,0.494,0.513,0.507,0.48,0.491,0.499,0.473,0.5,0.493,0.536,0.506,0.501,0.506,0.467,0.499,0.524
0.486,0.485,0.486,0.47,0.486,0.489,0.498,0.471,0.517,0.483,0.512,0.52,0.507,0.495,0.489,0.518,0.524,0.506,0.477,0.49,0.515,0.491,0.504,0.5,0.527,0.492,0.537,0.511,0.509,0.511,0.514,0.495,0.495,0.527,0.48,0.491,0.498,0.467,0.519,0.486,0.5,0.498,0.503,0.485,0.514,0.499,0.492,0.519,0.469,0.511,0.516,0.508,0.503,0.508,0.471,0.492,0.485,0.473,0.49,0.498,0.51,0.533,0.504,0.509
0.501,0.49,0.505,0.525,0.466,0.483,0.496,0.48,0.487,0.509,0.504,0.499,0.5,0.488,0.488,0.514,0.478,0.488,0.503,0.488,0.495,0.501,0.491,0.517,0.52,0.501,0.503,0.489,0.51,0.481,0.497,0.507,0.509,0.508,0.519,0.502,0.498,0.497,0.506,0.526,0.527,0.519,0.494,0.483,0.49,0.51,0.482,0.496,0.494,0.489,0.474,0.483,0.508,0.528,0.483,0.485,0.49,0.474,0.47,0.499,0.511,0.481,0.47,0.476
0.503,0.486,0.496,0.514,0.517,0.505,0.489,0.502,0.52,0.494,0.52,0.506,0.527,0.465,0.491,0.523,0.499,0.518,0.513,0.519,0.508,0.473,0.493,0.51,0.504,0.488,0.497,0.506,0.491,0.512,0.498,0.513,0.506,0.51,0.503,0.481,0.503,0.505,0.5,0.492,0.503,0.497,0.506,0.506,0.502,0.482,0.484,0.517,0.496,0.474,0.506,0.535,0.522,0.511,0.503,0.493,0.487,0.51,0.51,0.494,0.498,0.488,0.5,0.514
0.474,0.486,0.504,0.509,0.506,0.502,0.457,0.478,0.521,0.496,0.486,0.487,0.511,0.486,0.499,0.471,0.504,0.496,0.509,0.49,0.509,0.494,0.51,0.496,0.474,0.489,0.499,0.513,0.487,0.513,0.511,0.494,0.479,0.504,0.489,0.487,0.492,0.504,0.468,0.497,0.495,0.5,0.498,0.494,0.504,0.498,0.507,0.499,0.516,0.514,0.508,0.486,0.522,0.507,0.498,0.491,0.504,0.495,0.515,0.484,0.461,0.508,0.492,0.519
0.504,0.524,0.508,0.511,0.48,0.501,0.502,0.544,0.524,0.508,0.501,0.5,0.523,0.521,0.472,0.514,0.5,0.491,0.503,0.487,0.493,0.488,0.494,0.515,0.5,0.498,0.488,0.516,0.494,0.515,0.514,0.483,0.486,0.495,0.49,0.489,0.511,0.506,0.517,0.495,0.508,0.532,0.518,0.499,0.487,0.501,0.491,0.496,0.502,0.497,0.52,0.498,0.495,0.521,0.491,0.491,0.496,0.476,0.527,0.505,0.484,0.525,0.49,0.495
0.514,0.484,0.517,0.462,0.491,0.51,0.511,0.507,0.505,0.501,0.498,0.497,0.521,0.5,0.498,0.509,0.501,0.527,0.488,0.485,0.507,0.486,0.457,0.503,0.492,0.508,0.503,0.533,0.527,0.476,0.515,0.497,0.505,0.489,0.509,0.493,0.525,0.505,0.504,0.534,0.475,0.468,0.479,0.508,0.493,0.516,0.513,0.516,0.492,0.487,0.516,0.511,0.493,0.495,0.51,0.489,0.487,0.489,0.47,0.47,0.502,0.493,0.493,0.492
0.489,0.463,0.49,0.525,0.492,0.531,0.514,0.526,0.53,0.508,0.494,0.495,0.481,0.509,0.497,0.492,0.507,0.498,0.468,0.5,0.523,0.506,0.514,0.487,0.537,0.488,0.521,0.494,0.505,0.503,0.469,0.523,0.472,0.501,0.486,0.489,0.517,0.501,0.51,0.496,0.497,0.494,0.508,0.513,0.483,0.492,0.497,0.495,0.512,0.52,0.531,0.502,0.505,0.522,0.498,0.481,0.495,0.5,0.522,0.468,0.492,0.506,0.48,0.485
0.492,0.507,0.459,0.518,0.508,0.495,0.533,0.503,0.499,0.514,0.474,0.501,0.512,0.51,0.507,0.498,0.484,0.49,0.52,0.492,0.498,0.463,0.523,0.521,0.526,0.498,0.519,0.486,0.49,0.518,0.517,0.518,0.478,0.512,0.515,0.524,0.478,0.502,0.509,0.489,0.513,0.496,0.474,0.519,0.487,0.534,0.501,0.476,0.522,0.501,0.516,0.491,0.522,0.525,0.504,0.488,0.497,0.5,0.501,0.534,0.49,0.502,0.515,0.493
0.51,0.506,0.491,0.512,0.495,0.485,0.495,0.484,0.525,0.51,0.491,0.484,0.52,0.482,0.531,0.495,0.519,0.525,0.527,0.483,0.509,0.51,0.492,0.491,0.484,0.497,0.512,0.529,0.479,0.507,0.499,0.498,0.481,0.471,0.478,0.494,0.506,0.505,0.518,0.521,0.492,0.509,0.514,0.489,0.456,0.506,0.5,0.504,0.523,0.516,0.477,0.477,0.49,0.51,0.474,0.494,0.483,0.503,0.504,0.486,0.506,0.511,0.517,0.538
0.473,0.489,0.492,0.493,0.49,0.502,0.5,0.502,0.498,0.498,0.507,0.497,0.483,0.496,0.505,0.524,0.474,0.515,0.512,0.492,0.492,0.493,0.52,0.521,0.511,0.509,0.472,0.496,0.537,0.487,0.516,0.507,0.501,0.479,0.487,0.524,0.524,0.492,0.468,0.517,0.503,0.511,0.5,0.489,0.487,0.484,0.485,0.484,0.507,0.502,0.493,0.497,0.535,0.526,0.51,0.506,0.537,0.512,0.499,0.494,0.485,0.497,0.519,0.493
0.479,0.51,0.492,0.498,0.497,0.51,0.494,0.514,0.477,0.53,0.518,0.49,0.507,0.492,0.52,0.471,0.516,0.532,0.542,0.499,0.512,0.497,0.513,0.492,0.512,0.487,0.501,0.5,0.491,0.498,0.5,0.501,0.51,0.498,0.49,0.495,0.511,0.512,0.503,0.497,0.507,0.502,0.526,0.499,0.496,0.47,0.481,0.52,0.537,0.489,0.501,0.484,0.488,0.507,0.543,0.501,0.486,0.494,0.486,0.501,0.506,0.518,0.516,0.498
0.521,0.489,0.507,0.509,0.507,0.507,0.482,0.502,0.485,0.501,0.494,0.492,0.479,0.495,0.501,0.476,0.49,0.501,0.473,0.511,0.498,0.496,0.516,0.514,0.486,0.468,0.489,0.503,0.465,0.477,0.516,0.515,0.46,0.514,0.495,0.494,0.504,0.505,0.494,0.513,0.496,0.5,0.498,0.507,0.457,0.488,0.52,0.518,0.497,0.503,0.49,0.523,0.478,0.495,0.486,0.484,0.499,0.521,0.485,0.516,0.525,0.483,0.522,0.506
0.497,0.477,0.508,0.509,0.497,0.525,0.51,0.508,0.481,0.503,0.485,0.489,0.51,0.525,0.521,0.487,0.516,0.484,0.469,0.522,0.507,0.499,0.486,0.52,0.499,0.482,0.5,0.535,0.496,0.512,0.521,0.526,0.518,0.504,0.511,0.497,0.507,0.499,0.524,0.515,0.468,0.489,0.517,0.512,0.499,0.481,0.527,0.493,0.5,0.507,0.495,0.486,0.491,0.521,0.53,0.519,0.495,0.515,0.517,0.486,0.482,0.484,0.488,0.499
0.497,0.479,0.512,0.492,0.491,0.493,0.507,0.503,0.493,0.529,0.494,0.49,0.507,0.469,0.511,0.484,0.481,0.497,0.507,0.479,0.494,0.478,0.488,0.481,0.497,0.519,0.499,0.539,0.473,0.504,0.505,0.487,0.508,0.518,0.498,0.521,0.495,0.475,0.51,0.515,0.499,0.481,0.499,0.476,0.49,0.519,0.492,0.518,0.505,0.513,0.524,0.513,0.51,0.493,0.524,0.533,0.511,0.506,0.499,0.51,0.51,0.475,0.493,0.529
0.506,0.486,0.503,0.49,0.506,0.515,0.5,0.485,0.512,0.502,0.495,0.495,0.506,0.514,0.499,0.481,0.501,0.471,0.475,0.5,0.512,0.503,0.483,0.501,0.502,0.499,0.496,0.495,0.499,0.495,0.481,0.487,0.504,0.515,0.512,0.501,0.469,0.494,0.513,0.514,0.474,0.503,0.491,0.486,0.528,0.475,0.521,0.53,0.49,0.536,0.488,0.553,0.478,0.515,0.468,0.497,0.508,0.468,0.5,0.484,0.518,0.513,0.517,0.525
0.547,0.509,0.498,0.512,0.495,0.476,0.51,0.501,0.486,0.506,0.486,0.491,0.501,0.495,0.523,0.49,0.503,0.468,0.509,0.5,0.527,0.505,0.495,0.512,0.472,0.517,0.483,0.493,0.484,0.494,0.505,0.506,0.486,0.499,0.526,0.526,0.492,0.518,0.513,0.511,0.502,0.472,0.497,0.52,0.512,0.499,0.496,0.54,0.497,0.496,0.49,0.503,0.482,0.519,0.525,0.489,0.477,0.525,0.49,0.494,0.507,0.51,0.494,0.501
0.504,0.507,0.502,0.483,0.503,0.49,0.518,0.505,0.521,0.487,0.509,0.487,0.517,0.512,0.502,0.504,0.491,0.49,0.518,0.477,0.515,0.494,0.491,0.495,0.479,0.491,0.504,0.521,0.494,0.515,0.5,0.526,0.511,0.511,0.514,0.476,0.5,0.541,0.495,0.513,0.512,0.494,0.49,0.494,0.498,0.511,0.512,0.487,0.493,0.527,0.508,0.514,0.519,0.481,0.499,0.493,0.472,0.49,0.509,0.502,0.506,0.495,0.488,0.503
0.477,0.523,0.49,0.537,0.509,0.504,0.506,0.505,0.47,0.506,0.49,0.501,0.497,0.499,0.486,0.536,0.52,0.471,0.497,0.54,0.501,0.487,0.504,0.49,0.499,0.502,0.495,0.516,0.52,0.523,0.516,0.488,0.502,0.501,0.524,0.515,0.52,0.488,0.498,0.497,0.501,0.495,0.527,0.511,0.496,0.544,0.484,0.516,0.51,0.492,0.5,0.502,0.524,0.5,0.502,0.479,0.518,0.478,0.516,0.519,0.488,0.473,0.491,0.496
0.523,0.502,0.491,0.498,0.506,0.483,0.508,0.506,0.514,0.533,0.507,0.524,0.496,0.512,0.496,0.51,0.512,0.489,0.513,0.505,0.497,0.498,0.509,0.493,0.5,0.496,0.508,0.498,0.504,0.507,0.492,0.513,0.496,0.488,0.502,0.503,0.492,0.526,0.493,0.516,0.476,0.453,0.467,0.496,0.462,0.494,0.53,0.517,0.467,0.491,0.496,0.499,0.48,0.525,0.497,0.499,0.497,0.468,0.505,0.496,0.506,0.508,0.482,0.501
0.516,0.508,0.502,0.513,0.492,0.484,0.477,0.521,0.486,0.529,0.515,0.489,0.488,0.503,0.514,0.532,0.515,0.492,0.488,0.507,0.52,0.489,0.477,0.503,0.507,0.514,0.502,0.497,0.466,0.518,0.503,0.503,0.494,0.485,0.53,0.469,0.494,0.481,0.502,0.518,0.527,0.507,0.493,0.506,0.489,0.501,0.514,0.483,0.519,0.493,0.519,0.496,0.489,0.495,0.479,0.505,0.48,0.501,0.513,0.502,0.486,0.5,0.487,0.509
0.494,0.483,0.482,0.488,0.482,0.522,0.474,0.502,0.522,0.531,0.457,0.526,0.501,0.504,0.483,0.501,0.502,0.512,0.483,0.503,0.497,0.497,0.494,0.493,0.516,0.497,0.543,0.507,0.501,0.516,0.5,0.513,0.513,0.486,0.496,0.507,0.517,0.479,0.472,0.5,0.51,0.475,0.54,0.47,0.506,0.517,0.526,0.508,0.506,0.519,0.517,0.485,0.525,0.515,0.53,0.494,0.502,0.51,0.495,0.502,0.526,0.486,0.518,0.492
0.491,0.506,0.502,0.533,0.507,0.497,0.483,0.495,0.49,0.499,0.533,0.516,0.53,0.509,0.491,0.509,0.495,0.539,0.519,0.487,0.491,0.524,0.482,0.515,0.499,0.516,0.489,0.496,0.498,0.52,0.506,0.494,0.52,0.494,0.489,0.49,0.494,0.511,0.487,0.479,0.489,0.5,0.518,0.514,0.519,0.504,0.493,0.493,0.505,0.475,0.514,0.52,0.501,0.505,0.472,0.484,0.479,0.505,0.508,0.47,0.487,0.512,0.49,0.491
0.517,0.513,0.512,0.481,0.52,0.501,0.512,0.5,0.501,0.482,0.504,0.497,0.482,0.492,0.493,0.534,0.488,0.49,0.502,0.486,0.491,0.49,0.501,0.518,0.506,0.504,0.506,0.49,0.499,0.492,0.487,0.492,0.494,0.526,0.473,0.504,0.496,0.485,0.485,0.504,0.482,0.496,0.508,0.513,0.512,0.514,0.504,0.47,0.497,0.484,0.497,0.509,0.492,0.482,0.517,0.509,0.505,0.486,0.506,0.511,0.471,0.499,0.525,0.495
0.536,0.47,0.501,0.469,0.505,0.537,0.491,0.485,0.494,0.508,0.488,0.498,0.514,0.527,0.498,0.519,0.509,0.512,0.492,0.48,0.493,0.502,0.505,0.495,0.476,0.489,0.496,0.52,0.499,0.513,0.512,0.497,0.51,0.523,0.531,0.523,0.492,0.489,0.49,0.483,0.495,0.489,0.507,0.512,0.486,0.517,0.5,0.509,0.509,0.498,0.519,0.509,0.515,0.529,0.484,0.48,0.518,0.495,0.484,0.526,0.504,0.506,0.495,0.5
0.497,0.498,0.496,0.514,0.504,0.501,0.527,0.496,0.5,0.483,0.504,0.517,0.5,0.467,0.477,0.49,0.501,0.494,0.496,0.517,0.5,0.497,0.523,0.499,0.487,0.508,0.48,0.497,0.513,0.537,0.49,0.525,0.506,0.508,0.51,0.517,0.519,0.526,0.492,0.488,0.533,0.516,0.48,0.502,0.483,0.489,0.493,0.517,0.489,0.511,0.484,0.503,0.479,0.497,0.5,0.508,0.507,0.486,0.486,0.5,0.477,0.503,0.494,0.505
0.507,0.499,0.508,0.512,0.498,0.476,0.516,0.484,0.494,0.507,0.523,0.499,0.477,0.504,0.492,0.479,0.482,0.499,0.513,0.473,0.524,0.485,0.496,0.509,0.52,0.5,0.465,0.48,0.49,0.48,0.519,0.498,0.477,0.481,0.509,0.497,0.481,0.516,0.514,0.514,0.483,0.511,0.508,0.498,0.479,0.496,0.525,0.526,0.525,0.486,0.518,0.501,0.501,0.481,0.489,0.507,0.485,0.489,0.5,0.493,0.509,0.504,0.473,0.488
0.466,0.491,0.514,0.498,0.497,0.497,0.461,0.49,0.503,0.489,0.467,0.507,0.509,0.505,0.508,0.498,0.509,0.517,0.504,0.516,0.513,0.495,0.489,0.508,0.482,0.481,0.546,0.478,0.502,0.478,0.515,0.529,0.505,0.504,0.481,0.509,0.48,0.502,0.524,0.501,0.505,0.476,0.479,0.471,0.479,0.489,0.481,0.483,0.512,0.505,0.501,0.502,0.495,0.483,0.487,0.502,0.484,0.497,0.532,0.528,0.487,0.497,0.507,0.499
0.527,0.521,0.486,0.502,0.497,0.502,0.524,0.509,0.474,0.504,0.507,0.498,0.482,0.519,0.508,0.497,0.503,0.511,0.518,0.517,0.482,0.515,0.509,0.475,0.516,0.512,0.511,0.502,0.469,0.484,0.494,0.514,0.518,0.486,0.47,0.517,0.498,0.473,0.531,0.493,0.52,0.497,0.5,0.502,0.501,0.491,0.509,0.504,0.524,0.481,0.517,0.492,0.491,0.511,0.495,0.503,0.485,0.491,0.506,0.502,0.497,0.511,0.5,0.496
0.467,0.519,0.487,0.498,0.523,0.527,0.532,0.503,0.469,0.493,0.528,0.486,0.51,0.503,0.486,0.511,0.515,0.495,0.516,0.474,0.495,0.509,0.502,0.497,0.504,0.52,0.468,0.537,0.499,0.502,0.501,0.496,0.492,0.447,0.489,0.51,0.47,0.501,0.532,0.499,0.504,0.497,0.487,0.484,0.498,0.482,0.501,0.512,0.52,0.5,0.499,0.485,0.499,0.496,0.508,0.509,0.507,0.48,0.503,0.487,0.51,0.501,0.479,0.494
0.49,0.48,0.493,0.516,0.497,0.492,0.498,0.486,0.492,0.486,0.494,0.487,0.507,0.501,0.506,0.54,0.492,0.494,0.481,0.502,0.486,0.469,0.494,0.534,0.493,0.501,0.489,0.525,0.501,0.495,0.508,0.512,0.478,0.537,0.519,0.487,0.5,0.496,0.475,0.47,0.486,0.474,0.485,0.499,0.498,0.496,0.532,0.497,0.492,0.471,0.486,0.522,0.502,0.507,0.499,0.506,0.498,0.506,0.471,0.493,0.503,0.519,0.479,0.499
0.505,0.496,0.491,0.513,0.491,0.466,0.462,0.51,0.508,0.521,0.482,0.494,0.505,0.514,0.459,0.484,0.498,0.516,0.466,0.52,0.505,0.504,0.495,0.501,0.505,0.497,0.519,0.501,0.495,0.488,0.516,0.526,0.523,0.493,0.511,0.526,0.48,0.488,0.491,0.504,0.502,0.5,0.483,0.503,0.493,0.514,0.493,0.517,0.506,0.505,0.512,0.505,0.498,0.487,0.495,0.483,0.497,0.512,0.479,0.503,0.532,0.493,0.506,0.489
0.474,0.518,0.522,0.491,0.491,0.499,0.494,0.5,0.5,0.492,0.498,0.471,0.484,0.501,0.498,0.479,0.505,0.502,0.501,0.474,0.504,0.508,0.532,0.489,0.499,0.496,0.479,0.492,0.486,0.469,0.501,0.487,0.509,0.493,0.513,0.507,0.505,0.481,0.493,0.486,0.509,0.501,0.491,0.478,0.494,0.501,0.496,0.487,0.487,0.492,0.493,0.497,0.537,0.515,0.497,0.481,0.511,0.507,0.496,0.5,0.509,0.523,0.505,0.475
0.512,0.488,0.502,0.493,0.513,0.521,0.479,0.492,0.488,0.487,0.545,0.509,0.509,0.497,0.51,0.505,0.528,0.488,0.495,0.495,0.514,0.468,0.492,0.516,0.513,0.501,0.469,0.486,0.482,0.515,0.504,0.562,0.459,0.489,0.513,0.499,0.509,0.476,0.513,0.497,0.479,0.468,0.532,0.503,0.478,0.492,0.497,0.49,0.501,0.524,0.499,0.498,0.496,0.513,0.515,0.495,0.524,0.503,0.519,0.483,0.5,0.503,0.525,0.518
